source,Area,Date,Certainty,Impact,People Affected,Deaths,flood
http://floodlist.com/africa/uganda-floods-northern-region-august-2017,Amuru,22/08/2017,8,H,3000,,1
Report on Bududa District Local Gov't/ 5 year Disater Preparedness & Mgt Plan 2007/08 - 2011/12.,Bududa,01/10/2001,6,L,,,1
Report on Bududa District Local Gov't/ 5 year Disater Preparedness & Mgt Plan 2007/08 - 2011/12.,Bududa,01/10/2007,6,M,280,,1
New Vision,Bududa,28/04/2010,4,M,,,1
Report on Bududa District Local Gov't/ 5 year Disater Preparedness & Mgt Plan 2007/08 - 2011/12.,Bududa,01/10/2010,8,M,203,3,1
https://reliefweb.int/disaster/ms-2011-000110-uga,Bududa,11/08/2011,7,H,6400,7,1
new vision,Bududa,03/07/2012,6,M,,,1
OPM,Bududa,01/10/2012,6,M,,,1
BUDUDA DISTRICT,Bududa,01/10/2013,4,M,,,1
OPM,Bududa,02/06/2014,6,M,,,1
District Files,Bududa,25/05/2018,4,M,,,1
http://floodlist.com/africa/uganda-landslides-floods-bududa-eastern-region-october-2018,Bududa,11/10/2018,8,H,,34,1
Letter Ref: CR/214/9 from CAO,Bukwo,25/03/2010,8,M,,,1
https://allafrica.com/stories/201005170065.html,Bukwo,01/05/2010,2,M,,3,1
NewVision,Bulambuli,30/09/2010,4,H,,,1
Letter Ref: ADM/123/1,Bulambuli,04/10/2010,8,H,,,1
Assessment report from OPM dated 31/08/2011,Bulambuli,15/08/2011,8,H,,,1
new vision,Bulambuli,11/11/2011,4,H,,,1
OPM,Bulambuli,19/10/2013,6,H,,,1
New Vision ,Bulambuli,17/10/2014,4,H,,,1
District Files,Bulambuli,10/04/2017,6,H,,,1
District Files,Bulambuli,17/04/2017,6,H,,,1
District Files,Bulambuli,28/06/2017,6,H,,,1
https://reliefweb.int/report/uganda/Bulambuli-district-hit-floods,Bulambuli,20/05/2018,6,H,3000,,1
district,Bulambuli,07/06/2018,6,H,,,1
Uganda Red Cross Society-Mbale Branch,Butaleja,28/11/2006,8,H,,,1
Statement to parliament by Minister of state on El-nino dated 7/12/2006,Butaleja,07/12/2006,8,H,,,1
Ref-OPM/DM/92,Butaleja,21/07/2009,8,H,,,1
Ministry of Foreighn Affairs,Butaleja,20/02/2010,4,H,,,1
Rapid assessment report from OPM dated 20/05/2010,Butaleja,04/03/2010,8,H,,,1
NewVision,Butaleja,10/03/2010,4,H,,,1
https://www.newvision.co.ug/new_vision/news/1293620/butaleja-flood-victims-receive-aid,Butaleja,19/03/2010,2,H,2000,,1
New Vision,Butaleja,28/05/2010,4,H,,,1
NewVision,Butaleja,14/08/2010,4,H,,,1
New Vision,Butaleja,29/09/2010,4,H,,,1
"Report from Min. of State for Disaster Preparedness, Relief and Refugees",Butaleja,29/08/2011,8,H,,,1
Internal memo from DPO on floodsituation in the District,Butaleja,09/09/2011,8,H,,,1
Letter from the District Chairperson dated 30/11/2006,Butaleja,19/09/2011,8,H,,,1
Letter from the woman MP dated 9th/08/2011 ,Butaleja,20/09/2011,8,H,,,1
BUTALEJA DISTRICT LOCAL GOVERNMENT,Butaleja,09/11/2014,8,H,,,1
District Files,Butaleja,06/03/2017,4,H,,,1
CAO BUTALEJA,Butaleja,07/03/2017,4,H,,,1
District Files,Butaleja,26/03/2018,4,H,,,1
District Files,Butaleja,04/04/2018,4,H,,,1
district file,Butaleja,29/04/2018,4,H,,,1
DISTRICT,Butaleja,01/05/2018,4,H,,,1
district file,Butaleja,03/05/2018,4,H,,,1
Butaleja district local government,Butaleja,04/05/2018,4,H,,,1
OPM,Butaleja,20/06/2018,4,H,,,1
OPM,Butaleja,04/10/2018,4,H,,,1
New Vision,Buyende,26/05/2010,4,H,,,1
New-Vision April 12,Buyende,01/04/2013,4,H,,,1
http://floodlist.com/africa/uganda-floods-eastern-region-april-2019,Buyende,23/04/2019,8,H,1000,18,1
"Report from Min. of State for Disaster Preparedness, Relief and Refugees",Gulu,01/09/2007,8,M,,,1
New Vision,Gulu,12/09/2007,4,M,,,1
http://www.monitor.co.ug/News/Education/-/688336/800292/-/10w5hn7/-/index.html,Gulu,18/12/2007,4,M,,,1
http://www.monitor.co.ug/News/National/-/688334/757678/-/vxx2pe/-/index.html,Gulu,18/11/2008,4,M,,,1
http://www.monitor.co.ug/Magazines/PeoplePower/-/689844/758392/-/4or6fd/-/index.html,Gulu,23/11/2008,4,M,,,1
http://www.monitor.co.ug/News/National/-/688334/1031488/-/cmhiptz/-/index.html,Gulu,13/10/2010,4,M,,,1
http://www.monitor.co.ug/SpecialReports/-/688342/1038452/-/u91qxx/-/index.html,Gulu,23/10/2010,4,M,,,1
http://www.monitor.co.ug/News/National/-/688334/1211886/-/bkk1w7z/-/index.html,Gulu,08/02/2011,4,M,,,1
http://www.newvision.co.ug/news/1823-what-is-the-national-policy-on-disasters.html,Gulu,09/05/2011,4,M,,,1
http://www.newvision.co.ug/news/320916-gulu-mayor-warns-workers-against-delays.html,Gulu,15/06/2011,4,M,,,1
http://www.monitor.co.ug/News/National/-/688334/1243676/-/bio36pz/-/index.html,Gulu,27/09/2011,4,M,,,1
http://www.monitor.co.ug/News/National/Two-pupils-drown-on-fishing-adventure-in-Gulu/-/688334/1501296/-/12iore4z/-/index.html,Gulu,09/10/2012,4,M,,,1
http://www.monitor.co.ug/News/Insight/-/688338/1363402/-/s9hdwa/-/index.html,Gulu,03/11/2012,4,M,,,1
http://www.monitor.co.ug/artsculture/Reviews/That-phone-text-could-bring-you-desired-change/-/691232/2016594/-/du2hd3z/-/index.html,Gulu,10/03/2013,4,M,,,1
http://www.monitor.co.ug/OpEd/OpEdColumnists/AugustineRuzindana/Threats-of-war-over-Nile-waters-are-futile/-/887296/1882216/-/1vtannz/-/index.html,Gulu,14/06/2013,4,M,,,1
http://www.monitor.co.ug/News/National/Kabarole-needs-over-Shs750m-for-bridges/-/688334/1847594/-/3njygpz/-/index.html,Gulu,05/10/2013,4,M,,,1
HEADTEACHER PAWEL AYIGA,Gulu,28/10/2013,4,M,,,1
http://floodlist.com/africa/uganda-south-sudan,Gulu,03/11/2013,3,M,,,1
RDC-GULU,Gulu,04/11/2013,6,M,,,1
http://www.newvision.co.ug/news/649448-gulu-school-closed-again-over-floods.html,Gulu,15/11/2013,4,M,,,1
OPM,Gulu,01/09/2014,6,M,,,1
http://www.monitor.co.ug/News/National/Residents-uproot-cassava-in-fear-of-floods/-/688334/2453470/-/f3fyxp/-/index.html,Gulu,16/09/2014,4,M,,,1
OPM,Gulu,01/02/2017,4,M,,,1
Letter from SAS/MSRDP & R,Kaabong,02/06/2002,6,L,,,1
https://reliefweb.int/disaster/ms-2011-000110-uga,Kaabong,11/08/2011,7,H,6400,7,1
NEWVISION,Kaabong,03/09/2011,4,L,,,1
OPM,Kaabong,01/04/2012,4,L,,,1
OPM,Kaabong,01/06/2012,4,L,,,1
Daily Monitor News Paper,Kaabong,01/04/2013,4,L,,,1
OPM,Kaabong,11/06/2013,6,L,,,1
New Vision ,Kabale,16/05/1989,4,L,,1,1
New Vision,Kabale,02/11/1992,4,L,,,1
New Vision,Kabale,07/09/1996,4,L,,,1
http://www.newvision.co.ug/news/454683-floods-hit-east-africa.html,Kabale,12/06/2006,4,L,,,1
http://www.monitor.co.ug/News/-/688324/793288/-/bpumaj/-/index.html,Kabale,10/05/2007,4,L,,,1
District Files,Kabale,05/02/2009,4,L,,,1
http://www.monitor.co.ug/OpEd/OpEdColumnists/KaroliSsemogerere/-/878682/820600/-/bkjvok/-/index.html,Kabale,12/10/2009,4,L,,,1
https://www.newvision.co.ug/new_vision/news/1200891/flood-ravages-kabale-hills-bear,Kabale,01/11/2009,2,H,,6,1
Letter Ref: HRM/28/65/01 from CAO-Kabale,Kabale,25/12/2009,4,L,,,1
New Vision,Kabale,03/03/2010,4,L,,,1
http://www.monitor.co.ug/OpEd/Commentary/-/689364/898778/-/agbqtjz/-/index.html,Kabale,14/04/2010,4,L,,,1
http://www.monitor.co.ug/OpEd/Commentary/-/689364/873306/-/ahnej4z/-/index.html,Kabale,03/05/2010,4,L,,,1
Report from Kabale District in File,Kabale,15/05/2010,4,L,,,1
http://www.newvision.co.ug/news/619112-kabale-landslide-kills-university-student.html,Kabale,17/05/2010,4,L,,,1
http://www.newvision.co.ug/news/619020-rains-weaken-kabale-soils.html,Kabale,18/05/2010,4,L,,,1
Letter Ref: ADM/23/279/02 from CAO-Kabale,Kabale,19/05/2010,4,L,,,1
http://www.newvision.co.ug/news/618494-bududa-gets-kigezi-relief.html,Kabale,25/05/2010,4,L,,,1
http://www.monitor.co.ug/News/National/-/688334/874564/-/wj6rgs/-/index.html,Kabale,03/07/2010,4,L,,,1
http://www.monitor.co.ug/Magazines/Farming/-/689860/1005352/-/2q1n1uz/-/index.html,Kabale,09/08/2010,4,L,,,1
http://www.monitor.co.ug/Magazines/Farming/-/689860/1079796/-/2ln09hz/-/index.html,Kabale,29/12/2010,4,L,,,1
http://www.monitor.co.ug/OpEd/Commentary/-/689364/1229654/-/12ryiotz/-/index.html,Kabale,09/03/2011,4,L,,,1
http://www.monitor.co.ug/News/National/-/688334/1131980/-/c3eo31z/-/index.html,Kabale,24/03/2011,4,L,,,1
http://www.monitor.co.ug/OpEd/OpEdColumnists/CharlesOnyangoObbo/-/878504/1227964/-/hoiv3u/-/index.html,Kabale,31/08/2011,4,L,,,1
http://www.monitor.co.ug/News/National/-/688334/1232962/-/bjb92tz/-/index.html,Kabale,09/09/2011,4,L,,,1
http://www.newvision.co.ug/news/940-3-killed-in-kisoro-landslides.html,Kabale,19/09/2011,4,L,,,1
http://www.newvision.co.ug/news/315705-3-killed-in-kisoro-landslides.html,Kabale,20/09/2011,4,L,,,1
http://www.monitor.co.ug/OpEd/Commentary/-/689364/1276950/-/12oxttiz/-/index.html,Kabale,22/11/2011,4,L,,,1
http://www.monitor.co.ug/News/National/Government-to-relocate-400-000-people-from-Mt--Elgon/-/688334/1436052/-/tntoom/-/index.html,Kabale,26/06/2012,4,L,,,1
http://www.monitor.co.ug/artsculture/Reviews/The-kasese-river-that-got-angry/-/691232/1851156/-/2b1210z/-/index.html,Kabale,14/05/2013,4,L,,,1
http://www.monitor.co.ug/OpEd/Commentary/Uganda-s-geothermal-energy-requires-investment-boost/-/689364/2024126/-/10qcaic/-/index.html,Kabale,10/09/2013,4,L,,,1
Kabale DLG,Kabale,20/01/2014,6,L,,,1
DISTRICT,Kabale,01/09/2014,6,L,,3,1
http://www.monitor.co.ug/News/National/Locals-to-protest-as-Museveni-visits/-/688334/2588266/-/qm5flqz/-/index.html,Kabale,14/01/2015,6,L,,,1
http://www.monitor.co.ug/News/National/Drought-manifests-God-s-anger--says-Water-minister/-/688334/2662394/-/qu0kdfz/-/index.html,Kabale,23/03/2015,6,L,,,1
Kabale DLG,Kabale,23/04/2015,8,L,,,1
CAO-KABALE,Kabale,01/05/2015,8,L,,,1
CAO Kabale,Kabale,04/05/2015,8,L,,,1
CAO Kabale,Kabale,07/05/2015,8,L,,,1
http://www.newvision.co.ug/news/668177-kabale-bans-sand-stone-quarrying.html,Kabale,05/11/2015,4,L,,,1
OPM,Kabale,01/12/2016,6,L,,,1
District Files,Kabale,29/09/2017,6,L,,,1
New Vision,Kampala,18/03/1991,4,L,,1,1
New Vision,Kampala,21/04/1992,4,L,,,1
NewVision,Kampala,18/03/1993,4,L,,,1
New Vision,Kampala,11/03/1995,4,L,,,1
New Vision,Kampala,13/03/1995,4,L,,,1
New Vision,Kampala,10/04/1995,4,L,,,1
New Vision,Kampala,24/03/1996,4,L,,,1
New Vision,Kampala,06/04/1997,4,L,,,1
New Vision,Kampala,13/04/1997,4,L,,,1
New Vision,Kampala,25/03/1998,4,L,,,1
New Vision,Kampala,09/05/1998,4,L,,,1
New Vision,Kampala,14/10/1998,4,L,,,1
New Vision,Kampala,29/10/1998,4,L,,,1
NewVision,Kampala,12/08/1999,4,L,,,1
New Vision,Kampala,02/09/2000,4,L,,,1
http://www.newvision.co.ug/news/346488-kcc-control-dumping.html,Kampala,24/05/2001,4,L,,,1
http://www.newvision.co.ug/news/339475-wakiso-to-clear-lubigi-channel.html,Kampala,30/08/2001,4,L,,,1
https://www.newvision.co.ug/new_vision/news/1085491/floods-stop-city-business,Kampala,06/03/2002,4,L,,,1
New Vision,Kampala,08/11/2002,4,L,,,1
http://www.newvision.co.ug/news/383358-Kampala-markets-are-a-health-risk.html,Kampala,18/11/2002,4,L,,,1
http://www.newvision.co.ug/news/595117-in-brief.html,Kampala,18/05/2003,4,L,,,1
http://www.newvision.co.ug/news/590661-kcc-seeks-sh140b-to-fight-floods.html,Kampala,23/07/2003,4,L,,,1
http://www.newvision.co.ug/news/588786-culvert-installation-reduces-city-flooding.html,Kampala,17/08/2003,4,L,,,1
http://www.newvision.co.ug/news/584464-greenboat-sues-kcc-over-sh3b.html,Kampala,17/10/2003,4,L,,,1
http://www.newvision.co.ug/news/584304-kcc-re-opens-old-port-bell-road.html,Kampala,19/10/2003,4,L,,,1
New Vision,Kampala,11/12/2003,4,L,,,1
New Vision,Kampala,23/01/2004,4,L,,,1
http://www.newvision.co.ug/news/413696-news-briefs.html,Kampala,07/06/2004,4,L,,,1
http://www.monitor.co.ug/SpecialReports/WarMemories/-/859092/858444/-/4a7f64z/-/index.html,Kampala,02/09/2004,4,L,,,1
New Vision,Kampala,09/09/2004,4,L,,,1
http://www.newvision.co.ug/news/409703-in-brief.html,Kampala,11/11/2004,4,L,,,1
New Vision,Kampala,24/11/2004,4,L,,,1
New Vision,Kampala,25/11/2004,4,L,,3,1
http://www.newvision.co.ug/news/440432-Ã¢-ekisanja-protesters-violated-guidelinesÃ¢.html,Kampala,07/01/2005,4,L,,,1
http://www.newvision.co.ug/news/451791-fufa-to-sue-top-radio.html,Kampala,19/01/2005,4,L,,,1
New Vision,Kampala,21/03/2005,4,L,,3,1
http://www.newvision.co.ug/news/442730-in-brief.html,Kampala,29/05/2005,4,L,,,1
New Vision,Kampala,28/07/2005,4,L,,1,1
http://www.newvision.co.ug/news/474528-upbc-petitions-wbc-over-lusambya-fight.html,Kampala,13/02/2006,4,L,,,1
New Vision,Kampala,30/03/2006,4,L,,,1
New Vision,Kampala,06/04/2006,4,L,,,1
http://www.newvision.co.ug/news/454697-Kampala-flooded-after-downpour.html,Kampala,12/06/2006,4,L,,,1
New Vision,Kampala,06/08/2006,4,L,,2,1
Letter Ref: 003/kddp/2006 dated 15/11/06 from the LC III Chairperson ,Kampala,03/11/2006,4,L,,,1
http://www.newvision.co.ug/news/462574-foodstuffs-flood.html,Kampala,08/11/2006,4,L,,,1
http://www.newvision.co.ug/news/454336-govt-joins-kcc-to-fight-floods.html,Kampala,12/11/2006,4,L,,,1
http://www.newvision.co.ug/news/456077-is-your-house-flood-protected.html,Kampala,17/11/2006,4,L,,,1
New Vision,Kampala,06/12/2006,4,L,,,1
http://www.newvision.co.ug/news/454272-floods-blamed-on-bugolobi-buildings.html,Kampala,12/12/2006,4,L,,,1
http://www.monitor.co.ug/News/National/-/688334/790450/-/w19bfj/-/index.html,Kampala,10/02/2007,4,L,,,1
http://www.monitor.co.ug/News/Education/-/688336/791630/-/10ime9w/-/index.html,Kampala,10/03/2007,4,L,,,1
http://www.newvision.co.ug/news/497641-Kampala-divisions-should-be-autonomous-takuba.html,Kampala,15/03/2007,4,L,,,1
http://www.newvision.co.ug/news/497555-heavy-rains-expected-this-season.html,Kampala,17/03/2007,4,L,,,1
http://www.monitor.co.ug/News/-/688324/793296/-/bpumbd/-/index.html,Kampala,10/05/2007,4,L,,,1
http://www.newvision.co.ug/news/490540-terrible-drivers.html,Kampala,27/06/2007,4,L,,,1
http://www.newvision.co.ug/news/489387-kyambogo-protests-car-depot-construction.html,Kampala,15/07/2007,4,L,,,1
http://www.newvision.co.ug/news/488427-july-unusually-cold-wet-experts.html,Kampala,29/07/2007,4,L,,,1
http://www.newvision.co.ug/news/498159-traders-oppose-economic-pacts-with-europe.html,Kampala,03/08/2007,4,L,,,1
http://www.monitor.co.ug/Business/Prosper/-/688616/766740/-/k1ebklz/-/index.html,Kampala,08/08/2007,4,L,,,1
http://www.newvision.co.ug/news/483278-rains-affecting-road-repairs-minister.html,Kampala,10/08/2007,4,L,,,1
Juliet Kiyimba - Branch Field Coordinator,Kampala,20/09/2007,4,L,,,1
http://www.monitor.co.ug/Business/Prosper/-/688616/781228/-/k09tcnz/-/index.html,Kampala,24/09/2007,4,L,,,1
http://www.monitor.co.ug/Magazines/PeoplePower/-/689844/782194/-/4qhkmf/-/index.html,Kampala,25/09/2007,4,L,,,1
http://www.monitor.co.ug/News/National/-/688334/787234/-/w0rl5u/-/index.html,Kampala,27/09/2007,4,L,,,1
http://www.monitor.co.ug/News/Education/-/688336/788910/-/10i5rwe/-/index.html,Kampala,28/09/2007,4,L,,,1
http://www.monitor.co.ug/News/Education/-/688336/770510/-/10hdlbv/-/index.html,Kampala,08/10/2007,4,L,,,1
http://www.newvision.co.ug/news/481654-unbs-gets-tough-on-fake-imports.html,Kampala,30/10/2007,4,L,,,1
http://www.monitor.co.ug/OpEd/Commentary/-/689364/773076/-/b1q7g1z/-/index.html,Kampala,08/11/2007,4,L,,,1
https://www.newvision.co.ug/new_vision/news/1215221/killed-Kampala-floods,Kampala,16/11/2007,8,M,,4,1
http://www.monitor.co.ug/News/Education/-/688336/797164/-/10iqgcf/-/index.html,Kampala,19/11/2007,4,L,,,1
http://www.monitor.co.ug/News/Education/-/688336/797244/-/10iqh34/-/index.html,Kampala,20/11/2007,4,L,,,1
http://www.newvision.co.ug/news/480119--100m-project-to-end-Kampala-flooding.html,Kampala,21/11/2007,4,L,,,1
http://www.monitor.co.ug/Business/Commodities/-/688610/797488/-/h03nv2/-/index.html,Kampala,22/11/2007,4,L,,,1
http://www.monitor.co.ug/Magazines/PeoplePower/-/689844/797970/-/4r7rcd/-/index.html,Kampala,27/11/2007,4,L,,,1
http://www.monitor.co.ug/Business/Commodities/-/688610/799636/-/h053xt/-/index.html,Kampala,12/12/2007,4,L,,,1
http://www.monitor.co.ug/Business/Commodities/-/688610/800542/-/hdhp0i/-/index.html,Kampala,20/12/2007,4,L,,,1
http://www.monitor.co.ug/News/Education/-/688336/749032/-/10fp4n1/-/index.html,Kampala,09/01/2008,4,L,,,1
http://www.monitor.co.ug/News/National/-/688334/726870/-/vw2s9y/-/index.html,Kampala,26/01/2008,4,L,,,1
http://www.newvision.co.ug/news/525137-in-brief.html,Kampala,03/02/2008,4,L,,,1
http://www.monitor.co.ug/News/Education/-/688336/728960/-/10egjnx/-/index.html,Kampala,15/02/2008,4,L,,,1
http://www.monitor.co.ug/OpEd/Letters/-/806314/729048/-/3gx0kuz/-/index.html,Kampala,16/02/2008,4,L,,,1
http://www.monitor.co.ug/News/Education/-/688336/729848/-/10eh864/-/index.html,Kampala,23/02/2008,4,L,,,1
http://www.monitor.co.ug/OpEd/Letters/-/806314/739746/-/3gbb7ez/-/index.html,Kampala,06/03/2008,4,L,,,1
http://www.monitor.co.ug/Business/Commodities/-/688610/749222/-/gw2bbf/-/index.html,Kampala,09/03/2008,4,L,,,1
http://www.monitor.co.ug/News/Education/-/688336/732558/-/10exthq/-/index.html,Kampala,20/03/2008,4,L,,,1
http://www.newvision.co.ug/news/523264-Kampala-flooded-by-overnight-rains.html,Kampala,28/03/2008,4,L,,,1
http://www.newvision.co.ug/news/523194-200-houses-built-in-kinawataka-swamp.html,Kampala,30/03/2008,4,L,,,1
http://www.monitor.co.ug/News/National/-/688334/755844/-/vxvpk7/-/index.html,Kampala,11/04/2008,4,L,,,1
http://www.monitor.co.ug/artsculture/-/691192/736046/-/fbumhlz/-/index.html,Kampala,26/04/2008,4,L,,,1
http://www.monitor.co.ug/OpEd/Letters/-/806314/737970/-/3gcn7cz/-/index.html,Kampala,16/05/2008,4,L,,,1
http://www.newvision.co.ug/news/518495-works-probe-flooding.html,Kampala,31/05/2008,4,L,,,1
http://www.monitor.co.ug/artsculture/-/691192/737132/-/fbtweyz/-/index.html,Kampala,05/06/2008,4,L,,,1
http://www.monitor.co.ug/News/Education/-/688336/744988/-/10flu8v/-/index.html,Kampala,25/07/2008,4,L,,,1
http://www.newvision.co.ug/news/513930-fake-solar-panels-flood-market.html,Kampala,29/07/2008,4,L,,,1
http://www.monitor.co.ug/News/Education/-/688336/724934/-/10edrbp/-/index.html,Kampala,01/08/2008,4,L,,,1
http://www.monitor.co.ug/News/National/-/688334/760268/-/vyen7s/-/index.html,Kampala,12/08/2008,4,L,,,1
http://www.monitor.co.ug/News/Education/-/688336/747288/-/10fnrp7/-/index.html,Kampala,16/08/2008,4,L,,,1
http://www.monitor.co.ug/News/Education/-/688336/748414/-/10foiey/-/index.html,Kampala,26/08/2008,4,L,,,1
http://www.monitor.co.ug/Business/Commodities/-/688610/750708/-/gwhp7v/-/index.html,Kampala,17/09/2008,4,L,,,1
http://www.monitor.co.ug/Business/Commodities/-/688610/753172/-/gwjnmo/-/index.html,Kampala,10/10/2008,4,L,,,1
http://www.monitor.co.ug/News/National/-/688334/725168/-/vw1xfx/-/index.html,Kampala,01/11/2008,4,L,,,1
http://www.monitor.co.ug/News/Education/-/688336/695462/-/yymebn/-/index.html,Kampala,30/01/2009,4,L,,,1
http://www.monitor.co.ug/News/National/-/688334/697006/-/vhbcnw/-/index.html,Kampala,14/02/2009,4,L,,,1
http://www.newvision.co.ug/news/575095-kcc-project-to-end-bwaise-floods.html,Kampala,23/02/2009,4,L,,,1
http://www.monitor.co.ug/Magazines/PeoplePower/-/689844/720504/-/4mr1j2/-/index.html,Kampala,10/04/2009,4,L,,,1
http://www.monitor.co.ug/Business/Commodities/-/688610/703782/-/gth3vq/-/index.html,Kampala,16/04/2009,4,L,,,1
http://www.newvision.co.ug/news/570670-gulu-hospital-sues-microcare.html,Kampala,26/04/2009,4,L,,,1
http://www.monitor.co.ug/artsculture/-/691192/705922/-/fdpqhhz/-/index.html,Kampala,05/05/2009,4,L,,,1
http://www.monitor.co.ug/artsculture/-/691192/714828/-/fd4womz/-/index.html,Kampala,08/05/2009,4,L,,,1
http://www.monitor.co.ug/News/National/-/688334/819428/-/wfkysv/-/index.html,Kampala,12/05/2009,4,L,,,1
http://www.monitor.co.ug/OpEd/Commentary/-/689364/707928/-/b5y0hsz/-/index.html,Kampala,26/05/2009,4,L,,,1
http://www.monitor.co.ug/News/Education/-/688336/702670/-/10d48ms/-/index.html,Kampala,04/06/2009,4,L,,,1
http://www.monitor.co.ug/OpEd/Commentary/-/689364/711388/-/b5gr2xz/-/index.html,Kampala,30/06/2009,4,L,,,1
http://www.monitor.co.ug/Business/Auto/-/688614/713712/-/hejfniz/-/index.html,Kampala,22/07/2009,4,L,,,1
http://www.newvision.co.ug/news/539912-police-accuses-dp-of-breaching-law.html,Kampala,23/07/2009,4,L,,,1
http://www.newvision.co.ug/news/559438-upc-suspends-four-senior-officials.html,Kampala,10/08/2009,4,L,,,1
http://www.monitor.co.ug/OpEd/Commentary/-/689364/716886/-/b5d6juz/-/index.html,Kampala,28/08/2009,4,L,,,1
http://www.monitor.co.ug/OpEd/Commentary/-/689364/718554/-/b5buclz/-/index.html,Kampala,14/09/2009,4,L,,,1
http://www.monitor.co.ug/News/Education/-/688336/718964/-/10du0rq/-/index.html,Kampala,18/09/2009,4,L,,,1
http://www.monitor.co.ug/Magazines/Farming/-/689860/812850/-/wqod5b/-/index.html,Kampala,25/11/2009,4,L,,,1
http://www.newvision.co.ug/news/578202-akright-in-dispute-with-us-based-client.html,Kampala,01/12/2009,4,L,,,1
http://www.monitor.co.ug/OpEd/Letters/-/806314/712530/-/3hoat7z/-/index.html,Kampala,07/12/2009,4,L,,,1
http://www.monitor.co.ug/OpEd/Letters/-/806314/824522/-/2wxmkmz/-/index.html,Kampala,18/12/2009,4,L,,,1
http://www.monitor.co.ug/artsculture/Travel/-/691238/827618/-/oyt05z/-/index.html,Kampala,21/12/2009,4,L,,,1
http://www.monitor.co.ug/OpEd/Commentary/-/689364/828276/-/akmn13z/-/index.html,Kampala,22/12/2009,4,L,,,1
http://www.newvision.co.ug/news/622129-posta-donates-to-bududa.html,Kampala,04/01/2010,4,L,,,1
http://www.monitor.co.ug/OpEd/Commentary/-/689364/909602/-/a2r7saz/-/index.html,Kampala,05/01/2010,4,L,,,1
http://www.monitor.co.ug/Magazines/Health---Living/-/689846/949810/-/rg4w5a/-/index.html,Kampala,07/01/2010,4,L,,,1
http://www.newvision.co.ug/news/612040-storm-pounds-city.html,Kampala,09/01/2010,4,L,,,1
http://www.monitor.co.ug/News/Education/-/688336/845856/-/10yp9fm/-/index.html,Kampala,20/01/2010,4,L,,,1
http://www.monitor.co.ug/Sports/Soccer/-/690266/847330/-/1590dlsz/-/index.html,Kampala,22/01/2010,4,L,,,1
http://www.newvision.co.ug/news/626469-upc-reinstates-four-suspended-officials.html,Kampala,27/01/2010,4,L,,,1
http://www.monitor.co.ug/News/Insight/-/688338/852468/-/7dx2g2/-/index.html,Kampala,31/01/2010,4,L,,,1
http://www.newvision.co.ug/news/626055-the-culverts-will-cause-flooding.html,Kampala,02/02/2010,4,L,,,1
http://www.monitor.co.ug/Business/-/688322/891310/-/ediu2kz/-/index.html,Kampala,04/02/2010,4,L,,,1
http://www.monitor.co.ug/OpEd/Commentary/-/689364/910012/-/a2c2gdz/-/index.html,Kampala,05/02/2010,4,L,,,1
http://www.monitor.co.ug/News/National/-/688334/1001570/-/coc4nfz/-/index.html,Kampala,09/02/2010,4,L,,,1
http://www.monitor.co.ug/News/National/-/688334/866952/-/wilpbp/-/index.html,Kampala,23/02/2010,4,L,,,1
http://www.monitor.co.ug/News/National/-/688334/868646/-/win1kw/-/index.html,Kampala,25/02/2010,4,L,,,1
http://www.newvision.co.ug/news/624383-make-flood-prevention-immediate-priority.html,Kampala,27/02/2010,4,L,,,1
http://www.monitor.co.ug/News/National/-/688334/834724/-/wgpncw/-/index.html,Kampala,01/03/2010,4,L,,,1
http://www.monitor.co.ug/News/National/-/688334/872106/-/wj5ajd/-/index.html,Kampala,03/03/2010,4,L,,,1
http://www.monitor.co.ug/News/National/-/688334/891786/-/wkcswn/-/index.html,Kampala,04/03/2010,4,L,,,1
http://www.monitor.co.ug/News/National/-/688334/911046/-/wyi2w5/-/index.html,Kampala,05/03/2010,4,L,,,1
http://www.monitor.co.ug/SpecialReports/-/688342/1024640/-/u8chbw/-/index.html,Kampala,10/03/2010,4,L,,,1
http://www.monitor.co.ug/OpEd/Commentary/-/689364/878002/-/ahk0aqz/-/index.html,Kampala,13/03/2010,4,L,,,1
http://www.monitor.co.ug/News/Insight/-/688338/878906/-/7faewm/-/index.html,Kampala,14/03/2010,4,L,,,1
http://www.newvision.co.ug/news/623255-Kampala-teens-donate-to-bududa.html,Kampala,16/03/2010,4,L,,,1
http://www.newvision.co.ug/news/623205-govt-to-plant-trees-in-landslide-prone-areas.html,Kampala,17/03/2010,4,L,,,1
http://www.newvision.co.ug/news/623067-young-starsÃ¢-hearts-bleed-for-bududa.html,Kampala,18/03/2010,4,L,,,1
http://www.monitor.co.ug/OpEd/Commentary/-/689364/883406/-/ah1tucz/-/index.html,Kampala,21/03/2010,4,L,,,1
http://www.newvision.co.ug/news/622872-news-in-brief.html,Kampala,22/03/2010,4,L,,,1
http://www.monitor.co.ug/News/National/-/688334/886086/-/wjtl50/-/index.html,Kampala,25/03/2010,4,L,,,1
http://www.newvision.co.ug/news/622463-pope-donates-sh62m-to-bududa.html,Kampala,28/03/2010,4,L,,,1
http://www.monitor.co.ug/News/National/-/688334/888614/-/wjv4at/-/index.html,Kampala,29/03/2010,4,L,,,1
http://www.monitor.co.ug/Business/Prosper/-/688616/889018/-/jg1kncz/-/index.html,Kampala,30/03/2010,4,L,,,1
http://www.monitor.co.ug/Sports/OtherSport/-/690284/889792/-/i800tbz/-/index.html,Kampala,31/03/2010,4,L,,,1
http://www.monitor.co.ug/News/Education/-/688336/835272/-/10y3kv8/-/index.html,Kampala,01/04/2010,4,L,,,1
http://www.monitor.co.ug/News/National/-/688334/872906/-/wj5gt1/-/index.html,Kampala,03/04/2010,4,L,,,1
http://www.monitor.co.ug/News/Education/-/688336/951510/-/11jbobw/-/index.html,Kampala,07/04/2010,4,L,,,1
http://www.monitor.co.ug/Magazines/Farming/-/689860/970138/-/xees2u/-/index.html,Kampala,08/04/2010,4,L,,,1
http://www.newvision.co.ug/news/609776-bududa-survivors-sue-over-relocation.html,Kampala,10/04/2010,4,L,,,1
http://www.newvision.co.ug/news/621338-news-in-brief.html,Kampala,13/04/2010,4,L,,,1
http://www.monitor.co.ug/OpEd/Commentary/-/689364/900992/-/a2xe3hz/-/index.html,Kampala,18/04/2010,4,L,,,1
http://www.monitor.co.ug/News/National/-/688334/905372/-/wxydpf/-/index.html,Kampala,24/04/2010,4,L,,,1
http://www.monitor.co.ug/OpEd/Commentary/-/689364/905832/-/a2txfez/-/index.html,Kampala,25/04/2010,4,L,,,1
http://www.monitor.co.ug/SpecialReports/-/688342/906466/-/fv59rh/-/index.html,Kampala,26/04/2010,4,L,,,1
http://www.monitor.co.ug/News/National/-/688334/908660/-/wy1j0d/-/index.html,Kampala,28/04/2010,4,L,,,1
http://www.monitor.co.ug/OpEd/Letters/-/806314/908548/-/2f17avz/-/index.html,Kampala,29/04/2010,4,L,,,1
http://www.monitor.co.ug/News/National/-/688334/873442/-/wj62bc/-/index.html,Kampala,03/05/2010,4,L,,,1
http://www.monitor.co.ug/News/National/-/688334/952336/-/x20052/-/index.html,Kampala,07/05/2010,4,L,,,1
http://www.monitor.co.ug/SpecialReports/Elections/-/859108/1047496/-/jkvjjf/-/index.html,Kampala,11/05/2010,4,L,,,1
http://www.newvision.co.ug/news/619150-mudslides-ravage-mbale-and-kanungu.html,Kampala,16/05/2010,4,L,,,1
http://www.newvision.co.ug/news/619112-kabale-landslide-kills-university-student.html,Kampala,17/05/2010,4,L,,,1
http://www.monitor.co.ug/News/National/-/688334/920498/-/x040ql/-/index.html,Kampala,18/05/2010,4,L,,,1
http://www.monitor.co.ug/News/National/-/688334/921104/-/x04mhb/-/index.html,Kampala,19/05/2010,4,L,,,1
http://www.monitor.co.ug/News/National/-/688334/921864/-/x04s4t/-/index.html,Kampala,20/05/2010,4,L,,,1
http://www.monitor.co.ug/News/National/-/688334/923042/-/x060fo/-/index.html,Kampala,22/05/2010,4,L,,,1
http://www.monitor.co.ug/News/National/-/688334/924844/-/x06v1k/-/index.html,Kampala,25/05/2010,4,L,,,1
http://www.monitor.co.ug/News/National/-/688334/925886/-/x07kgc/-/index.html,Kampala,26/05/2010,4,L,,,1
http://www.monitor.co.ug/News/National/-/688334/927584/-/x08vq9/-/index.html,Kampala,29/05/2010,4,L,,,1
http://www.monitor.co.ug/News/National/-/688334/836526/-/wgr0fe/-/index.html,Kampala,01/06/2010,4,L,,,1
http://www.monitor.co.ug/OpEd/Commentary/-/689364/873954/-/ahn9p0z/-/index.html,Kampala,03/06/2010,4,L,,,1
http://www.monitor.co.ug/Business/Prosper/-/688616/893144/-/jfj6t2z/-/index.html,Kampala,04/06/2010,4,L,,,1
http://www.monitor.co.ug/News/National/-/688334/937310/-/x0udvc/-/index.html,Kampala,13/06/2010,4,L,,,1
http://www.monitor.co.ug/artsculture/Travel/-/691238/942860/-/4rfdiz/-/index.html,Kampala,21/06/2010,4,L,,,1
http://www.monitor.co.ug/News/National/-/688334/946162/-/x1g712/-/index.html,Kampala,26/06/2010,4,L,,,1
http://www.monitor.co.ug/SpecialReports/Elections/-/859108/948400/-/aqndpaz/-/index.html,Kampala,29/06/2010,4,L,,,1
http://www.monitor.co.ug/SpecialReports/-/688342/894134/-/fhjx15/-/index.html,Kampala,04/07/2010,4,L,,,1
http://www.newvision.co.ug/news/615664-will-mother-nature-survive-ugandaÃ¢-s-population-pressure.html,Kampala,07/07/2010,4,L,,,1
http://www.monitor.co.ug/Business/Auto/-/688614/962174/-/g8c3l0z/-/index.html,Kampala,22/07/2010,4,L,,,1
http://www.monitor.co.ug/Magazines/PeoplePower/-/689844/963988/-/5sftvc/-/index.html,Kampala,25/07/2010,4,L,,,1
http://www.monitor.co.ug/News/National/-/688334/875148/-/wj7dlh/-/index.html,Kampala,03/08/2010,4,L,,,1
http://www.newvision.co.ug/news/617604-lands-told-to-cancel-leases-in-wetland.html,Kampala,06/08/2010,4,L,,,1
http://www.monitor.co.ug/Business/-/688322/1005778/-/37vbf6/-/index.html,Kampala,09/08/2010,4,L,,,1
http://www.monitor.co.ug/News/National/-/688334/1068274/-/cki3elz/-/index.html,Kampala,12/08/2010,4,L,,,1
http://www.monitor.co.ug/Business/Prosper/-/688616/977532/-/iwlnhdz/-/index.html,Kampala,17/08/2010,4,L,,,1
New Vision,Kampala,22/08/2010,4,L,,,1
http://www.newvision.co.ug/news/612643-stern-action-needed-to-end-city-floods.html,Kampala,23/08/2010,4,L,,,1
http://www.monitor.co.ug/Business/Prosper/-/688616/875258/-/jgpu5vz/-/index.html,Kampala,03/09/2010,4,L,,,1
http://www.monitor.co.ug/News/National/-/688334/895722/-/wkfl1w/-/index.html,Kampala,04/09/2010,4,L,,,1
Letter dated 8/10/10 from the Medical Advicer/Board Member,Kampala,18/09/2010,4,M,,,1
http://www.monitor.co.ug/News/National/-/688334/1015622/-/cnmrtcz/-/index.html,Kampala,22/09/2010,4,L,,,1
http://www.monitor.co.ug/OpEd/Commentary/-/689364/876042/-/ahldtjz/-/index.html,Kampala,03/10/2010,4,L,,,1
http://www.monitor.co.ug/News/National/-/688334/915286/-/wykvua/-/index.html,Kampala,05/10/2010,4,L,,,1
http://www.monitor.co.ug/Business/Prosper/-/688616/973536/-/iwofqxz/-/index.html,Kampala,08/10/2010,4,L,,,1
http://www.monitor.co.ug/News/National/-/688334/1039500/-/cmbxlbz/-/index.html,Kampala,25/10/2010,4,L,,,1
http://www.monitor.co.ug/OpEd/Letters/-/806314/1042994/-/yqdin5/-/index.html,Kampala,30/10/2010,4,L,,,1
http://www.monitor.co.ug/News/National/-/688334/1043428/-/cltlchz/-/index.html,Kampala,31/10/2010,4,L,,,1
http://www.monitor.co.ug/News/National/-/688334/877000/-/wj8qcl/-/index.html,Kampala,03/11/2010,4,L,,,1
http://www.monitor.co.ug/News/National/-/688334/877750/-/wj8vy8/-/index.html,Kampala,03/12/2010,4,L,,,1
http://www.monitor.co.ug/OpEd/OpEdColumnists/CharlesOnyangoObbo/-/878504/1080060/-/gowkot/-/index.html,Kampala,29/12/2010,4,L,,,1
http://www.monitor.co.ug/SpecialReports/-/688342/1081308/-/ubykal/-/index.html,Kampala,31/12/2010,4,L,,,1
http://www.monitor.co.ug/News/National/-/688334/1116712/-/c4jc0uz/-/index.html,Kampala,03/01/2011,4,L,,,1
http://www.monitor.co.ug/OpEd/Letters/-/806314/1210928/-/10rmym9/-/index.html,Kampala,08/01/2011,4,L,,,1
http://www.monitor.co.ug/News/National/-/688334/1089494/-/cj99o4z/-/index.html,Kampala,14/01/2011,4,L,,,1
http://www.monitor.co.ug/News/National/-/688334/1090150/-/cit24dz/-/index.html,Kampala,16/01/2011,4,L,,,1
http://www.monitor.co.ug/News/Education/-/688336/1093228/-/e21htm/-/index.html,Kampala,21/01/2011,4,L,,,1
http://www.monitor.co.ug/OpEd/Letters/-/806314/1192846/-/10diwxm/-/index.html,Kampala,07/02/2011,4,M,,,1
http://www.monitor.co.ug/Business/Prosper/-/688616/1111874/-/ai9009/-/index.html,Kampala,22/02/2011,4,L,,,1
http://www.monitor.co.ug/News/National/-/688334/1082752/-/cje2njz/-/index.html,Kampala,01/03/2011,4,L,,,1
http://www.monitor.co.ug/Magazines/PeoplePower/-/689844/1193038/-/14d9sy9z/-/index.html,Kampala,07/03/2011,4,L,,,1
http://www.monitor.co.ug/Magazines/PeoplePower/-/689844/1230042/-/13wxej7z/-/index.html,Kampala,09/03/2011,4,L,,,1
http://www.monitor.co.ug/OpEd/Commentary/-/689364/1247156/-/12qrxgrz/-/index.html,Kampala,10/03/2011,4,L,,,1
http://www.monitor.co.ug/News/National/-/688334/1124606/-/c3y7k4z/-/index.html,Kampala,14/03/2011,4,L,,,1
http://www.monitor.co.ug/OpEd/Commentary/-/689364/1128280/-/13c31t1z/-/index.html,Kampala,18/03/2011,4,L,,,1
http://www.monitor.co.ug/News/National/-/688334/1129022/-/c3uumcz/-/index.html,Kampala,20/03/2011,4,L,,,1
http://www.monitor.co.ug/OpEd/Commentary/-/689364/1129830/-/13c27wjz/-/index.html,Kampala,21/03/2011,4,L,,,1
http://www.monitor.co.ug/OpEd/Commentary/-/689364/1130488/-/13bm0vxz/-/index.html,Kampala,22/03/2011,4,L,,,1
http://www.newvision.co.ug/news/325765-there-will-be-no-floods-Ã¢-experts.html,Kampala,24/03/2011,4,L,,,1
http://www.monitor.co.ug/News/National/-/688334/1133494/-/c3debyz/-/index.html,Kampala,27/03/2011,4,L,,,1
http://www.monitor.co.ug/News/National/-/688334/1101366/-/c59fibz/-/index.html,Kampala,02/04/2011,4,L,,,1
http://www.monitor.co.ug/OpEd/Letters/-/806314/1118898/-/108prtm/-/index.html,Kampala,03/04/2011,4,L,,,1
http://www.monitor.co.ug/News/Education/-/688336/1138176/-/ehig59/-/index.html,Kampala,04/04/2011,4,L,,,1
http://www.newvision.co.ug/news/18911-floods-paralyse-Kampala-traffic.html,Kampala,11/04/2011,4,L,,,1
http://www.monitor.co.ug/artsculture/Reviews/-/691232/1146338/-/r46pfz/-/index.html,Kampala,18/04/2011,4,L,,,1
URCS Floods response report compiled by Branch focal person,Kampala,23/04/2011,6,M,,6,1
http://www.monitor.co.ug/News/Insight/-/688338/1149542/-/r581g7/-/index.html,Kampala,24/04/2011,4,L,,,1
http://www.monitor.co.ug/News/National/-/688334/1151516/-/c26ol9z/-/index.html,Kampala,27/04/2011,4,L,,,1
http://www.newvision.co.ug/news/323714-col-kizza-besigye-faces-sh50m-fine.html,Kampala,28/04/2011,4,L,,,1
http://www.monitor.co.ug/News/National/-/688334/1119098/-/c4hecaz/-/index.html,Kampala,03/05/2011,4,L,,,1
http://www.monitor.co.ug/OpEd/Commentary/-/689364/1194364/-/137u13pz/-/index.html,Kampala,07/05/2011,4,L,,,1
http://www.newvision.co.ug/news/314652-floods-destroy-rice-gardens-in-butaleja.html,Kampala,12/05/2011,4,L,,,1
http://www.newvision.co.ug/news/322817-govt-orders-encroachers-off-lubigi-wetland.html,Kampala,16/05/2011,4,L,,,1
http://www.monitor.co.ug/News/National/-/688334/1164824/-/c1i0d8z/-/index.html,Kampala,18/05/2011,4,L,,,1
http://www.monitor.co.ug/OpEd/Commentary/-/689364/1165966/-/139nsqoz/-/index.html,Kampala,20/05/2011,4,L,,,1
http://www.newvision.co.ug/news/322517-will-new-leaders-change-Kampala.html,Kampala,21/05/2011,4,L,,,1
http://www.monitor.co.ug/News/National/-/688334/1170080/-/c0yev2z/-/index.html,Kampala,27/05/2011,4,L,,,1
http://www.monitor.co.ug/artsculture/Reviews/-/691232/1171480/-/pd0poz/-/index.html,Kampala,30/05/2011,4,L,,,1
http://www.monitor.co.ug/News/National/-/688334/1172224/-/c0wyt0z/-/index.html,Kampala,31/05/2011,4,M,,,1
http://www.monitor.co.ug/News/National/-/688334/1102062/-/c58sjmz/-/index.html,Kampala,02/06/2011,4,L,,,1
http://www.newvision.co.ug/news/326855-factors-behind-nrmÃ¢-s-victory.html,Kampala,03/06/2011,4,L,,,1
http://www.newvision.co.ug/news/323276-flood-victims-receive-aid.html,Kampala,05/06/2011,4,L,,,1
http://www.monitor.co.ug/OpEd/Letters/-/806314/1213906/-/10rp2ix/-/index.html,Kampala,08/06/2011,4,L,,,1
http://www.monitor.co.ug/News/National/-/688334/1184230/-/c0a29kz/-/index.html,Kampala,17/06/2011,4,L,,,1
http://www.monitor.co.ug/Business/Prosper/-/688616/1189720/-/ampavt/-/index.html,Kampala,28/06/2011,4,L,,,1
"Assessment report by URCS, Kampala branch",Kampala,29/06/2011,8,M,,1,1
http://www.monitor.co.ug/News/National/-/688334/1176454/-/c0u5vqz/-/index.html,Kampala,06/07/2011,4,L,,,1
http://www.newvision.co.ug/news/316371-floods-ravage-Kampala-suburbs.html,Kampala,09/07/2011,4,L,,,1
http://www.monitor.co.ug/Magazines/Full-Woman/-/689842/1201114/-/13ujh6r/-/index.html,Kampala,16/07/2011,4,L,,,1
http://www.monitor.co.ug/News/National/-/688334/1202222/-/bl61ciz/-/index.html,Kampala,17/07/2011,4,L,,,1
http://www.monitor.co.ug/OpEd/Letters/-/806314/1203604/-/10r3ga7/-/index.html,Kampala,19/07/2011,4,L,,,1
http://www.monitor.co.ug/News/National/-/688334/1085608/-/cjc0lqz/-/index.html,Kampala,01/08/2011,4,L,,,1
http://www.monitor.co.ug/Business/Markets/-/688606/1232198/-/sl40yt/-/index.html,Kampala,09/08/2011,4,L,,,1
http://www.monitor.co.ug/Magazines/Life/-/689856/1222126/-/bnghds/-/index.html,Kampala,21/08/2011,4,L,,,1
http://www.monitor.co.ug/News/National/-/688334/1225694/-/bjuraaz/-/index.html,Kampala,27/08/2011,4,L,,,1
http://www.monitor.co.ug/OpEd/Letters/-/806314/1226114/-/10sdi4x/-/index.html,Kampala,28/08/2011,4,L,,,1
The Monitor News Paper of 15/09/11,Kampala,14/09/2011,4,L,,2,1
http://www.newvision.co.ug/news/1241-two-killed-in-Kampala-floods.html,Kampala,15/09/2011,4,L,,,1
http://www.newvision.co.ug/news/315922-colleagues-mourn-barclayÃ¢-s-bank-cashier.html,Kampala,16/09/2011,4,L,,,1
http://www.monitor.co.ug/SpecialReports/-/688342/1237618/-/vc6kks/-/index.html,Kampala,17/09/2011,4,L,,,1
http://www.monitor.co.ug/Magazines/PeoplePower/-/689844/1237892/-/13wscvwz/-/index.html,Kampala,18/09/2011,4,L,,,1
http://www.newvision.co.ug/news/1021-kcca-blamed-for-city-floods.html,Kampala,19/09/2011,4,L,,,1
http://www.newvision.co.ug/news/315720-sugar-prices-to-reduce-as-imports-arrive.html,Kampala,20/09/2011,4,L,,,1
http://www.newvision.co.ug/news/315632-rastoon.html,Kampala,21/09/2011,4,L,,,1
http://www.monitor.co.ug/News/National/-/688334/1240512/-/biq734z/-/index.html,Kampala,22/09/2011,4,L,,,1
http://www.monitor.co.ug/News/National/-/688334/1243680/-/bio360z/-/index.html,Kampala,27/09/2011,4,L,,,1
http://www.monitor.co.ug/News/National/-/688334/1252916/-/bi36eiz/-/index.html,Kampala,10/10/2011,4,L,,,1
Assessment report by URCS ,Kampala,18/10/2011,4,M,,21,1
http://www.monitor.co.ug/News/National/-/688334/1262666/-/bhgoq5z/-/index.html,Kampala,28/10/2011,4,L,,,1
http://www.monitor.co.ug/News/National/-/688334/1263996/-/bhfwyxz/-/index.html,Kampala,30/10/2011,4,L,,,1
http://www.monitor.co.ug/News/National/-/688334/1160034/-/c1kxvoz/-/index.html,Kampala,05/11/2011,4,L,,,1
http://www.monitor.co.ug/OpEd/Letters/-/806314/1233810/-/10sx4jt/-/index.html,Kampala,09/11/2011,4,L,,,1
new vision,Kampala,11/11/2011,4,L,,1,1
http://www.monitor.co.ug/OpEd/Commentary/-/689364/1274370/-/12p0d4tz/-/index.html,Kampala,17/11/2011,4,L,,,1
http://www.monitor.co.ug/News/National/-/688334/1275952/-/bgs0jxz/-/index.html,Kampala,20/11/2011,4,L,,,1
http://www.monitor.co.ug/OpEd/Editorial/-/689360/1279726/-/a3n87l/-/index.html,Kampala,27/11/2011,4,L,,,1
http://www.newvision.co.ug/news/45670-boy-dies-in-Kampala-floods.html,Kampala,28/11/2011,4,L,,,1
http://www.monitor.co.ug/OpEd/OpEdColumnists/BernardTabaire/-/878688/1105862/-/mq47l3/-/index.html,Kampala,02/12/2011,4,L,,,1
http://www.monitor.co.ug/News/National/-/688334/1234716/-/bj9w4pz/-/index.html,Kampala,09/12/2011,4,L,,,1
http://www.monitor.co.ug/News/National/-/688334/1291988/-/bfmoy6z/-/index.html,Kampala,19/12/2011,4,L,,,1
http://www.monitor.co.ug/News/National/-/688334/1294140/-/bfkse3z/-/index.html,Kampala,23/12/2011,4,L,,,1
http://www.monitor.co.ug/OpEd/Commentary/-/689364/1295534/-/12nqjjjz/-/index.html,Kampala,27/12/2011,4,L,,,1
http://www.monitor.co.ug/News/National/-/688334/1296410/-/bfjch1z/-/index.html,Kampala,28/12/2011,4,L,,,1
http://www.monitor.co.ug/OpEd/Editorial/-/689360/1297490/-/a4tu6j/-/index.html,Kampala,31/12/2011,4,L,,,1
http://www.monitor.co.ug/News/National/Fake-car-engine-oil-floods-the-market/-/688334/1491608/-/edn2tk/-/index.html,Kampala,09/01/2012,4,L,,,1
http://www.monitor.co.ug/News/National/-/688334/1310632/-/b1i273z/-/index.html,Kampala,20/01/2012,4,L,,,1
http://www.monitor.co.ug/OpEd/OpEdColumnists/YasiinMugerwa/-/878670/1311412/-/51nqwq/-/index.html,Kampala,22/01/2012,4,L,,,1
http://www.monitor.co.ug/News/National/-/688334/1312936/-/b1gl79z/-/index.html,Kampala,24/01/2012,4,L,,,1
http://www.monitor.co.ug/News/National/-/688334/1314114/-/b1fdvez/-/index.html,Kampala,26/01/2012,4,L,,,1
http://www.newvision.co.ug/news/628744-Kampala-upe-school-prone-to-floods-closed.html,Kampala,02/02/2012,4,L,,,1
http://www.newvision.co.ug/news/629349-kcca-starts-repairs-on-drainage-channels.html,Kampala,03/02/2012,4,L,,,1
http://www.monitor.co.ug/News/National/More-bodies-exhumed-in-Bududa/-/688334/1441442/-/hincas/-/index.html,Kampala,07/02/2012,4,L,,,1
http://www.monitor.co.ug/News/National/KCCA-to-repair-drainage-systems/-/688334/1468898/-/2du9qc/-/index.html,Kampala,08/02/2012,4,L,,,1
http://www.monitor.co.ug/OpEd/Editorial/Time-to-take-back-our-green-spaces/-/689360/1492208/-/najtnpz/-/index.html,Kampala,09/02/2012,4,L,,,1
http://www.monitor.co.ug/News/National/KCCA-seeks-court-guidance-on-Centenary-Park-injunction/-/688334/1522678/-/12byo6e/-/index.html,Kampala,10/02/2012,4,L,,,1
http://www.monitor.co.ug/artsculture/Reviews/-/691232/1325528/-/9rj6a/-/index.html,Kampala,13/02/2012,4,L,,,1
http://www.newvision.co.ug/news/629130-heavy-rains-devastate-Kampala-suburbs.html,Kampala,20/02/2012,4,L,,,1
http://www.monitor.co.ug/News/National/-/688334/1331796/-/b0995ez/-/index.html,Kampala,21/02/2012,4,L,,,1
http://www.monitor.co.ug/News/National/-/688334/1333236/-/b07yknz/-/index.html,Kampala,23/02/2012,4,L,,,1
http://www.monitor.co.ug/News/National/-/688334/1299412/-/bfh9igz/-/index.html,Kampala,01/03/2012,4,L,,,1
http://www.monitor.co.ug/OpEd/OpEdColumnists/Davidsseppuuya/Nature-will-always-win-over-man-s-foolishness/-/1268850/1442342/-/mm71nj/-/index.html,Kampala,07/03/2012,4,L,,,1
http://www.monitor.co.ug/OpEd/Letters/-/806314/1369538/-/11eykl6/-/index.html,Kampala,20/03/2012,4,L,,,1
http://www.monitor.co.ug/Magazines/Life/-/689856/1372158/-/calwnt/-/index.html,Kampala,25/03/2012,4,L,,,1
http://www.monitor.co.ug/News/National/-/688334/1374432/-/awq34fz/-/index.html,Kampala,27/03/2012,4,L,,,1
http://www.monitor.co.ug/Magazines/PeoplePower/-/689844/1358418/-/13cgxe4z/-/index.html,Kampala,03/04/2012,4,L,,,1
http://www.monitor.co.ug/News/National/Nation-Media-Group-donates-to-landslide-victims/-/688334/1443760/-/7v3uy7z/-/index.html,Kampala,07/04/2012,4,L,,,1
http://www.monitor.co.ug/OpEd/Letters/-/806314/1390322/-/11gmvsl/-/index.html,Kampala,21/04/2012,4,L,,,1
http://www.monitor.co.ug/Magazines/Life/-/689856/1395170/-/cbw3gi/-/index.html,Kampala,29/04/2012,4,L,,,1
http://www.monitor.co.ug/News/National/Uganda-s-best-and-worst-employers/-/688334/1399618/-/jv4g4ez/-/index.html,Kampala,05/05/2012,4,L,,,1
http://www.monitor.co.ug/OpEd/Commentary/Uganda-does-not-have-to-emulate-superficial-devt/-/689364/1407898/-/ahtw8hz/-/index.html,Kampala,18/05/2012,4,L,,,1
http://www.monitor.co.ug/News/National/Govt-sorry-for-collapsed-bridges/-/688334/1411262/-/ug816c/-/index.html,Kampala,23/05/2012,4,L,,,1
http://www.newvision.co.ug/news/631565-sewage-burst-floods-Kampala-road.html,Kampala,31/05/2012,4,L,,,1
http://www.monitor.co.ug/artsculture/Travel/Face-to-face-with-the-world-s-biggest-hydro-power-dam/-/691238/1421096/-/yq4as7z/-/index.html,Kampala,06/06/2012,4,L,,,1
http://www.monitor.co.ug/News/National/Northern-Bypass-now-a-haven-for-city-criminals/-/688334/1445758/-/5dmf4yz/-/index.html,Kampala,07/06/2012,4,L,,,1
http://www.newvision.co.ug/news/634959-move-some-ministries-out-of-Kampala.html,Kampala,09/06/2012,4,L,,,1
http://www.monitor.co.ug/News/National/I-m-stressed-by-men-from-Parliament--says-Alengot/-/688334/1526168/-/efq15dz/-/index.html,Kampala,10/06/2012,4,L,,,1
http://www.monitor.co.ug/News/National/153-000-affected-by-disasters--Red-Cross/-/688334/1427084/-/sd7xt3/-/index.html,Kampala,14/06/2012,4,L,,,1
http://www.monitor.co.ug/Business/Prosper/Why-the-budget-is-unlikely-to-deliver-the-7--projected-growth/-/688616/1429888/-/3s3olwz/-/index.html,Kampala,19/06/2012,4,L,,,1
http://www.newvision.co.ug/news/632190-gov-t-sues-lc-bikes-insurer-wants-sh1-1b.html,Kampala,21/06/2012,4,L,,,1
http://www.monitor.co.ug/News/National/10-people-feared-dead-in-Bududa-landslide/-/688334/1435372/-/eh3kvu/-/index.html,Kampala,25/06/2012,4,L,,,1
http://www.monitor.co.ug/News/National/Afternoon-downpour-soaks-city--suburbs/-/688334/1435678/-/n5kbq5z/-/index.html,Kampala,26/06/2012,4,L,,,1
http://www.monitor.co.ug/News/National/Citizens--MTN-provide-aid-to-landslide-survivors/-/688334/1437774/-/qb6pxvz/-/index.html,Kampala,27/06/2012,4,L,,,1
http://www.monitor.co.ug/OpEd/Letters/Establish-disaster-preparedness-commission-to-curb-loss-of-lives/-/806314/1437454/-/olipg0z/-/index.html,Kampala,28/06/2012,4,L,,,1
http://www.monitor.co.ug/News/National/Mafabi-raps-govt-on-Bududa/-/688334/1438976/-/7eqmhh/-/index.html,Kampala,29/06/2012,4,L,,,1
http://www.monitor.co.ug/News/National/Host-families-of-Bududa-survivors-overwhelmed/-/688334/1452370/-/vluqi3z/-/index.html,Kampala,13/07/2012,4,L,,,1
http://www.monitor.co.ug/Magazines/Life/Elegu--A-booming-town-clamouring-for-services/-/689856/1459980/-/97q2sc/-/index.html,Kampala,22/07/2012,4,L,,,1
http://www.monitor.co.ug/artsculture/Reviews/Karamoja--forgotten-but-still-beautiful-and-captivating/-/691232/1462342/-/hlxvbdz/-/index.html,Kampala,25/07/2012,4,L,,,1
http://www.monitor.co.ug/Sports/Soccer/Rains-leave-Hippos-tie-at-Nakivubo-in-danger/-/690266/1463302/-/a9toui/-/index.html,Kampala,26/07/2012,4,L,,,1
http://www.monitor.co.ug/News/National/-/688334/1401524/-/ai16trz/-/index.html,Kampala,05/08/2012,4,L,,,1
http://www.monitor.co.ug/Magazines/PeoplePower/I-will-push-for-unity-at-KCCA--says-newly-sworn-in-Mayor/-/689844/1447464/-/b737t6z/-/index.html,Kampala,07/08/2012,4,L,,,1
http://www.monitor.co.ug/News/National/Police-cordons-off-Mayor-Lukwago-s-home/-/688334/1528240/-/4w5ok7z/-/index.html,Kampala,10/08/2012,4,L,,,1
http://www.monitor.co.ug/Business/EU-lines-Shs183-billion-to--expand-Northern-Bypass/-/688322/1481072/-/ob866nz/-/index.html,Kampala,17/08/2012,4,L,,,1
http://www.monitor.co.ug/Magazines/PeoplePower/More-rot-at-OPM-than-meets-the-eye/-/689844/1482068/-/e920ef/-/index.html,Kampala,19/08/2012,4,L,,,1
http://www.monitor.co.ug/Magazines/HomesandProperty/About-home-drainage-systems/-/689858/1484094/-/9q2kuiz/-/index.html,Kampala,21/08/2012,4,L,,,1
http://www.monitor.co.ug/OpEd/Editorial/-/689360/1302236/-/aia7jj/-/index.html,Kampala,01/09/2012,4,L,,,1
http://www.monitor.co.ug/News/National/-/688334/1382806/-/aw5ts6z/-/index.html,Kampala,04/09/2012,4,L,,,1
http://www.monitor.co.ug/News/National/Three-years-later--Buganda-riots-victims-yet-to-be-compensated/-/688334/1500412/-/no26hfz/-/index.html,Kampala,09/09/2012,4,L,,,1
http://www.monitor.co.ug/News/National/Red-Cross-to-manage-camp/-/688334/1528428/-/4oopjjz/-/index.html,Kampala,10/09/2012,4,L,,,1
http://www.monitor.co.ug/News/National/How-the-NRM-party-won-Usuk-by-election/-/688334/1507444/-/lp11lk/-/index.html,Kampala,15/09/2012,4,L,,,1
http://www.monitor.co.ug/OpEd/OpEdColumnists/BernardTabaire/UG-50--Kampala-went-to-the-sewers--and-Uganda-followed/-/878688/1507800/-/2r4ixbz/-/index.html,Kampala,16/09/2012,4,L,,,1
http://www.monitor.co.ug/News/National/MPs-tour-wetlands--order-for-immediate-halt-to-construction/-/688334/1511784/-/15dy30iz/-/index.html,Kampala,19/09/2012,4,L,,,1
http://www.monitor.co.ug/News/National/MPs-tour-degraded-Kampala-wetlands/-/688334/1512168/-/1maq61z/-/index.html,Kampala,20/09/2012,4,L,,,1
http://www.monitor.co.ug/News/National/Slums-get-Shs24b-housing-project/-/688334/1516356/-/rfb2qlz/-/index.html,Kampala,25/09/2012,4,L,,,1
http://www.monitor.co.ug/News/National/KCCA-starts-eviction-of-Centenary-Park-tenants/-/688334/1519566/-/uq28apz/-/index.html,Kampala,28/09/2012,4,L,,,1
http://www.monitor.co.ug/OpEd/Letters/Musisi-would-concentrate-on-tarmacking-all-city-roads-first/-/806314/1520018/-/oyhxbrz/-/index.html,Kampala,29/09/2012,4,L,,,1
http://www.monitor.co.ug/Magazines/PeoplePower/Why-the-Centenary-Park-wrangle-nails-Urban-Planners-on-the-cross/-/689844/1520894/-/ntmxi0z/-/index.html,Kampala,30/09/2012,4,L,,,1
http://www.newvision.co.ug/news/632843-govt-buys-oversized-doors-for-displaced-bududa-people.html,Kampala,07/10/2012,4,L,,,1
http://www.monitor.co.ug/Magazines/Full-Woman/So-what-if-a-75-year-old-seeks-out-love/-/689842/1536990/-/sceftn/-/index.html,Kampala,20/10/2012,4,L,,,1
http://www.monitor.co.ug/News/National/Mbale-residents-oppose-Sh50-billion-dam/-/688334/1539102/-/d3nokn/-/index.html,Kampala,22/10/2012,4,L,,,1
http://www.monitor.co.ug/News/National/How-OPM-staff-stole-from-the-poor/-/688334/1598494/-/1314nbsz/-/index.html,Kampala,26/10/2012,4,L,,,1
http://www.monitor.co.ug/OpEd/OpEdColumnists/NicholasSengooba/KCCA--when-one-opts-for-a-nice-hairdo-but-wears-dirty-underwear/-/1293432/1606224/-/naty1v/-/index.html,Kampala,30/10/2012,4,L,,,1
http://www.monitor.co.ug/artsculture/Reviews/-/691232/1383958/-/dfh4b/-/index.html,Kampala,04/11/2012,4,L,,,1
http://www.monitor.co.ug/Magazines/Jobs-Career/Employ-locals-to-survive--says-Chinese-investor/-/689848/1403348/-/of92rm/-/index.html,Kampala,05/11/2012,4,L,,,1
http://www.newvision.co.ug/news/635108-bududa-orphans-appeal-for-scholarships.html,Kampala,09/11/2012,4,L,,,1
http://www.newvision.co.ug/news/636288-sacked-officials-sue-women-parliamentary-association.html,Kampala,10/11/2012,4,L,,,1
http://www.monitor.co.ug/News/National/City-works-on-snail-pace---survey/-/688334/1620288/-/92ld6cz/-/index.html,Kampala,15/11/2012,4,L,,,1
http://www.monitor.co.ug/OpEd/Letters/Pioneer-Easy-Bus-should-reconsider-its-initial-operational-terms/-/806314/1627464/-/2vkgpr/-/index.html,Kampala,24/11/2012,4,L,,,1
http://www.monitor.co.ug/News/National/Woman-rejects-Shs2m-pay-offer-for-cancelled-wedding/-/688334/1629726/-/2vw5lh/-/index.html,Kampala,27/11/2012,4,L,,,1
http://www.newvision.co.ug/news/628328-students-to-over-flood-manjasi-high-for-championships.html,Kampala,01/12/2012,4,L,,,1
http://www.monitor.co.ug/News/National/National-water-board-ranks-Gisagara-best-for-MD-s-job/-/688334/1477126/-/2ew9osz/-/index.html,Kampala,08/12/2012,4,L,,,1
http://www.monitor.co.ug/News/National/Brace-for-heavy-rains--says-government/-/688334/1504588/-/11ditytz/-/index.html,Kampala,09/12/2012,4,L,,,1
http://www.monitor.co.ug/News/National/Firm-demands-Shs2b-for-Bududa-rescue-mission/-/688334/1642044/-/5ohmraz/-/index.html,Kampala,12/12/2012,4,L,,,1
http://www.monitor.co.ug/News/National/Live-Feed--Museveni-addressing-parliament/-/688334/1643070/-/sk3g9k/-/index.html,Kampala,13/12/2012,4,L,,,1
http://www.monitor.co.ug/Magazines/Full-Woman/Women-in-2012--The-good--bad-and-the-unbelievable/-/689842/1653418/-/o91lsg/-/index.html,Kampala,29/12/2012,4,L,,,1
http://www.monitor.co.ug/News/National/Landslides-block-Ntungamo-travellers-for-over-10-hours/-/688334/1653818/-/13manedz/-/index.html,Kampala,30/12/2012,4,L,,,1
http://www.monitor.co.ug/News/National/Bwaise-gets-piped-water/-/688334/1707756/-/nuihd1z/-/index.html,Kampala,03/01/2013,4,L,,,1
http://www.monitor.co.ug/Magazines/Life/I-m-still-too-young-to-live-like-a-millionaire/-/689856/1974786/-/w5xy5xz/-/index.html,Kampala,09/01/2013,4,L,,,1
http://www.monitor.co.ug/OpEd/Letters/Help-the-north-to-cope-with-disasters/-/806314/2094416/-/yowvjw/-/index.html,Kampala,12/01/2013,4,L,,,1
http://www.monitor.co.ug/News/National/Leaders-criticise-KCCA-s-waste-collection-method/-/688334/1668856/-/a2ook/-/index.html,Kampala,18/01/2013,4,L,,,1
http://www.newvision.co.ug/news/639374-how-to-protect-your-house-from-floods.html,Kampala,30/01/2013,4,L,,,1
http://www.monitor.co.ug/OpEd/OpEdColumnists/CharlesOnyangoObbo/What--The-Hostel--TV-drama-and-other-2012-stories/-/878504/1655504/-/9xy50o/-/index.html,Kampala,01/02/2013,4,L,,,1
http://www.monitor.co.ug/artsculture/Travel/Bukoba--the-Ugandan-town-in-Tanzania/-/691238/1681752/-/p319vm/-/index.html,Kampala,02/02/2013,4,L,,,1
http://www.monitor.co.ug/News/National/KCCA--city-musicians-plan-meeting/-/688334/1736462/-/kb77ip/-/index.html,Kampala,04/02/2013,4,L,,,1
http://www.monitor.co.ug/News/National/Northern-Bypass-turns-into-death-trap/-/688334/1901408/-/l6m7ucz/-/index.html,Kampala,07/02/2013,4,L,,,1
http://www.monitor.co.ug/News/National/Farmers-told-to-plant-as-rains-begin/-/688334/1976138/-/fvryt3z/-/index.html,Kampala,09/02/2013,4,L,,,1
http://www.newvision.co.ug/news/640078-mtn-marathon-9th-edition-proceeds-award.html,Kampala,22/02/2013,4,L,,,1
http://www.newvision.co.ug/news/640105-kiryandongo-gets-sh307m-from-mtn-Kampala-marathon.html,Kampala,24/02/2013,4,L,,,1
http://www.monitor.co.ug/News/National/-/688334/1704596/-/8upvhrz/-/index.html,Kampala,26/02/2013,4,L,,,1
http://www.monitor.co.ug/Business/Markets/Transport-posts-few-milestones/-/688606/1656056/-/7og9nvz/-/index.html,Kampala,01/03/2013,4,L,,,1
http://www.monitor.co.ug/Magazines/Life/Bukoba--the-Ugandan-town-in-Tanzania/-/689856/1682730/-/41js5hz/-/index.html,Kampala,02/03/2013,4,L,,,1
http://www.newvision.co.ug/news/642321-floods-ecweru-dashes-to-kasese.html,Kampala,05/03/2013,4,L,,,1
http://www.monitor.co.ug/News/National/Tibabimanya--75--has-trekked-4-500km-in-the-past-10-years/-/688334/1870422/-/e4cs97z/-/index.html,Kampala,06/03/2013,4,L,,,1
http://www.monitor.co.ug/News/National/EU-to-withdraw-from-Awoja-bridge-project/-/688334/1720994/-/gsx18o/-/index.html,Kampala,16/03/2013,4,L,,,1
http://www.monitor.co.ug/News/National/Tullow-tried-to-pay-Museveni---lawyer/-/688334/1721994/-/vtisgpz/-/index.html,Kampala,17/03/2013,4,L,,,1
http://www.monitor.co.ug/OpEd/OpEdColumnists/DanielKalinaki/Uganda-is-not-a-failed-State-but-we-are-a-State-that-fails/-/878782/1738496/-/ilqva0/-/index.html,Kampala,04/04/2013,4,L,,,1
http://www.newvision.co.ug/news/643566-poisonous-yams-flood-Kampala.html,Kampala,06/04/2013,4,L,,,1
http://www.monitor.co.ug/OpEd/OpEdColumnists/KaroliSsemogerere/Namungoona-tanker-inferno--Politics-of-the-poor-and-scarcity/-/878682/1903582/-/ejppy1/-/index.html,Kampala,07/04/2013,4,L,,,1
http://www.monitor.co.ug/Business/Commodities/Chinese-firm-drags-UTL-to-court-over-Shs17-billion/-/688610/1751398/-/12clildz/-/index.html,Kampala,18/04/2013,4,L,,,1
http://www.monitor.co.ug/artsculture/Reviews/Uganda-in-2013--the-first-100-days/-/691232/1755892/-/ei0dto/-/index.html,Kampala,23/04/2013,4,L,,,1
http://www.monitor.co.ug/News/National/NMS-ordered-to-recover-Shs45b-lost-to-drug-firm/-/688334/1762134/-/uw410g/-/index.html,Kampala,30/04/2013,4,L,,,1
http://www.monitor.co.ug/News/National/EC-gives-guidelines-for-Butebo-election/-/688334/1872444/-/nyfw7p/-/index.html,Kampala,06/05/2013,4,L,,,1
http://www.monitor.co.ug/Sports/Soccer/Weather-contrives-to-expose-Cecafa-frailties/-/690266/2099342/-/14n84psz/-/index.html,Kampala,12/05/2013,4,L,,,1
http://www.newvision.co.ug/news/642641-flood-devastation-in-pictures.html,Kampala,13/05/2013,4,L,,,1
http://www.monitor.co.ug/Magazines/HomesandProperty/Namanve-and-Ssonde-become-more-attractive/-/689858/1852476/-/61f870z/-/index.html,Kampala,15/05/2013,4,L,,,1
http://www.monitor.co.ug/Magazines/PeoplePower/This-Muhoozi-thing--is-it-a-project-or-projection-/-/689844/1856230/-/5yd6foz/-/index.html,Kampala,19/05/2013,4,L,,,1
http://www.monitor.co.ug/Magazines/PeoplePower/UNRA--No-cash-for-600km-of-roads/-/689844/1657992/-/wbjghi/-/index.html,Kampala,01/06/2013,4,L,,,1
http://www.monitor.co.ug/OpEd/OpEdColumnists/CharlesOnyangoObbo/The-trouble-with-Uganda-s-economic-gangsters-/-/878504/1685922/-/55y27oz/-/index.html,Kampala,02/06/2013,4,L,,,1
http://www.monitor.co.ug/News/National/Mystery-surrounds-night-raid-on-Mbuya/-/688334/1712530/-/133y9hfz/-/index.html,Kampala,03/06/2013,4,L,,,1
http://www.monitor.co.ug/News/National/Kiwanuka-reads-tax-filled-budget/-/688334/1882436/-/hbajbhz/-/index.html,Kampala,14/06/2013,4,L,,,1
http://www.monitor.co.ug/Magazines/Farming/Positive-outlook-for-food-supply-and-prices/-/689860/1894188/-/10chw6uz/-/index.html,Kampala,26/06/2013,4,L,,,1
http://www.newvision.co.ug/news/642436-red-cross-seeks-sh1-8b-for-kasese-floods-victims.html,Kampala,05/07/2013,4,L,,,1
http://www.monitor.co.ug/OpEd/Letters/Here-is-how-a-decent-city-operates/-/806314/1915982/-/8yhqp2/-/index.html,Kampala,16/07/2013,4,L,,,1
http://www.monitor.co.ug/SpecialReports/Pakwach-Railway-line--The-ignored-link-to-development/-/688342/1924710/-/pnhke2/-/index.html,Kampala,24/07/2013,4,L,,,1
http://www.monitor.co.ug/News/National/Firm-sues-district-boss-over-wetland/-/688334/1929692/-/103kckw/-/index.html,Kampala,29/07/2013,4,L,,,1
http://www.monitor.co.ug/News/National/Drainage-system-plan-to-be-rolled-out-next-year/-/688334/1714324/-/1540xklz/-/index.html,Kampala,03/08/2013,4,L,,,1
http://www.newvision.co.ug/news/642480-kasese-floods-destroy-property-worth-sh8b.html,Kampala,05/08/2013,4,L,,,1
http://www.monitor.co.ug/OpEd/Editorial/Monitor-wetland-activities-closely/-/689360/1908272/-/wurjd5z/-/index.html,Kampala,07/08/2013,4,L,,,1
http://www.monitor.co.ug/OpEd/Letters/Create-satellite-villages-to-curb-landslides--/-/806314/1956258/-/n2hxab/-/index.html,Kampala,17/08/2013,4,L,,,1
http://www.monitor.co.ug/Magazines/HomesandProperty/Rains-are-here--is-your-home-safe-from-floods-/-/689858/1961530/-/aar1ml/-/index.html,Kampala,21/08/2013,4,L,,,1
http://floodlist.com/africa/floods-Kampala-uganda,Kampala,03/09/2013,4,L,,,1
http://www.monitor.co.ug/News/National/2006-NRM-manifesto--An-account-of-/-/688334/1984296/-/orsibf/-/index.html,Kampala,09/09/2013,4,L,,,1
http://www.monitor.co.ug/Magazines/HomesandProperty/Considerations-worth-noting-before-acquiring-property/-/689858/2024370/-/vnc9xh/-/index.html,Kampala,10/09/2013,4,L,,,1
http://www.monitor.co.ug/News/National/200-000-Ugandans-affected-by-disasters-annually/-/688334/1990466/-/orl9o3/-/index.html,Kampala,13/09/2013,4,L,,,1
http://www.monitor.co.ug/artsculture/Reviews/When-crocodiles-camp-and-terrorise-villages/-/691232/1993934/-/4hylbb/-/index.html,Kampala,16/09/2013,4,L,,,1
http://www.monitor.co.ug/News/National/Prisons-chief-wants-warders-to-go-for-HIV-test/-/688334/2000722/-/gt7vpfz/-/index.html,Kampala,21/09/2013,4,L,,,1
http://www.monitor.co.ug/artsculture/Reviews/Makerere-University--a-new-crime-hot-spot/-/691232/2007248/-/7610h1z/-/index.html,Kampala,26/09/2013,4,L,,,1
http://www.monitor.co.ug/artsculture/Reviews/How-the-water-purifier-works/-/691232/1985604/-/cq3pnez/-/index.html,Kampala,09/10/2013,4,L,,,1
http://www.monitor.co.ug/News/National/Heavy-rains-destroy-homes--crops/-/688334/2030892/-/m9c0yi/-/index.html,Kampala,14/10/2013,4,L,,,1
http://www.monitor.co.ug/News/National/Girls--more-likely-to-die-in-disasters-than-boys-/-/688334/2032134/-/o55gyu/-/index.html,Kampala,15/10/2013,4,L,,,1
http://www.monitor.co.ug/Magazines/HomesandProperty/When-the-city-comes-to-your-village/-/689858/2043026/-/6dhg9z/-/index.html,Kampala,23/10/2013,4,L,,,1
http://www.monitor.co.ug/Magazines/Farming/When-good-intentions-put-farmers-in-a-dilemma/-/689860/2052422/-/ktsxcoz/-/index.html,Kampala,30/10/2013,4,L,,,1
http://www.monitor.co.ug/News/National/Landslides-bury-five-villages-in-Bududa/-/688334/1944328/-/ji1lwz/-/index.html,Kampala,08/11/2013,4,L,,,1
http://www.monitor.co.ug/artsculture/Reviews/Pakwach--The-town-that-hosted-the-eclipse-crowd/-/691232/2071002/-/hd1cq2/-/index.html,Kampala,13/11/2013,4,L,,,1
http://www.monitor.co.ug/Business/Floods-leave-wetland-developers-in-losses/-/688322/2073172/-/tbttl4/-/index.html,Kampala,15/11/2013,4,L,,,1
http://www.monitor.co.ug/News/National/Museveni-told-not-to--drag-police--into-politics-/-/688334/2081942/-/l96vhjz/-/index.html,Kampala,21/11/2013,4,L,,,1
http://www.monitor.co.ug/SpecialReports/-/688342/2092194/-/yi2kr9z/-/index.html,Kampala,29/11/2013,4,L,,,1
http://www.monitor.co.ug/Magazines/PeoplePower/In-Uganda--Christmas-has-been-abolished---This-is-official/-/689844/2121296/-/xfnxctz/-/index.html,Kampala,22/12/2013,4,L,,,1
OPM,Kampala,24/12/2013,6,L,,,1
http://www.monitor.co.ug/Magazines/Score/Regional-championships-chance-for-new-dawn-in-Ugandan-rowing/-/689854/2225830/-/t6s2gdz/-/index.html,Kampala,03/01/2014,4,L,,,1
http://www.monitor.co.ug/OpEd/Commentary/-25m-on-a-parking-lot--Can-someone-please/-/689364/2299130/-/np1ai2z/-/index.html,Kampala,05/01/2014,4,L,,,1
http://www.monitor.co.ug/News/National/Walking-the-Nile/-/688334/2150818/-/a238nq/-/index.html,Kampala,19/01/2014,4,L,,,1
http://www.monitor.co.ug/OpEd/Letters/Create-regional-cities-to-ease-Kampala-s-load/-/806314/2158916/-/tiiawy/-/index.html,Kampala,25/01/2014,4,L,,,1
http://www.monitor.co.ug/Magazines/Life/Enthusiastic-about-the-environment/-/689856/2226878/-/dk70ek/-/index.html,Kampala,03/02/2014,4,L,,,1
http://www.newvision.co.ug/news/659306-the-forgotten-golden-value-of-wetlands-in-Kampala.html,Kampala,09/02/2014,4,L,,,1
http://www.monitor.co.ug/News/National/Egyptian-water-experts-advise-government-on/-/688334/2541476/-/qh5wo8z/-/index.html,Kampala,12/02/2014,4,L,,,1
http://www.monitor.co.ug/Magazines/Life/Floods-are-upon-us/-/689856/2207834/-/xeyxjcz/-/index.html,Kampala,16/02/2014,4,L,,,1
http://www.monitor.co.ug/OpEd/Editorial/Stop-rape-of-this-wetland/-/689360/2269400/-/cpy9xbz/-/index.html,Kampala,04/03/2014,4,L,,,1
http://www.monitor.co.ug/News/National/Floods-displace-400-as-PLE-starts/-/688334/2508228/-/n04oimz/-/index.html,Kampala,11/03/2014,4,L,,,1
http://www.newvision.co.ug/news/662490-Kampala-s-floods-we-are-all-culpable.html,Kampala,12/03/2014,4,L,,,1
http://www.monitor.co.ug/News/National/KCCA-accused-of-defaulting-to-pay-damages/-/688334/2241440/-/6tj34c/-/index.html,Kampala,13/03/2014,4,L,,,1
http://www.monitor.co.ug/Magazines/HomesandProperty/Military-Barracks-zone--A-small-and-secure-zone/-/689858/2249100/-/13wn32pz/-/index.html,Kampala,18/03/2014,4,L,,,1
http://www.monitor.co.ug/News/National/Bugolobi-supermarket--office-premises-face-demolition/-/688334/2254002/-/w4uqetz/-/index.html,Kampala,22/03/2014,4,L,,,1
http://www.monitor.co.ug/News/National/NRM-dragged-to-court-over-failure-to-pay-rent/-/688334/2257152/-/ewhccfz/-/index.html,Kampala,25/03/2014,4,L,,,1
http://www.monitor.co.ug/News/National/Government-cancels-all-land-titles-on-wetlands/-/688334/2229554/-/pv6dt8/-/index.html,Kampala,03/04/2014,4,L,,,1
http://www.monitor.co.ug/Magazines/PeoplePower/Flyover-won-t-decongest-Kampala-city/-/689844/2302210/-/mvret3/-/index.html,Kampala,05/04/2014,4,L,,,1
http://www.newvision.co.ug/news/659387-flood-risk-management-is-crucial-for-Kampala-city.html,Kampala,09/04/2014,4,L,,,1
http://www.monitor.co.ug/Magazines/Life/May-it-never-happen-again/-/689856/2277384/-/bryq1v/-/index.html,Kampala,13/04/2014,4,L,,,1
http://www.newvision.co.ug/news/654641-rainy-season-nema-warns-of-severe-disasters.html,Kampala,17/04/2014,4,L,,,1
http://www.monitor.co.ug/artsculture/Reviews/earth-day--aiming-for-a-green-city/-/691232/2288862/-/qv3egk/-/index.html,Kampala,22/04/2014,4,L,,,1
http://www.monitor.co.ug/News/National/KCCA-plans-to-ban-boda-bodas-from-city-centre/-/688334/2303590/-/3iqq6x/-/index.html,Kampala,05/05/2014,4,L,,,1
http://www.monitor.co.ug/OpEd/Commentary/Why-the-NRM-party-is-here-for-the-long-haul/-/689364/2324408/-/rfkam1/-/index.html,Kampala,23/05/2014,4,L,,,1
http://www.monitor.co.ug/SpecialReports/Lt-Col-Abdu-Kisuule--Uganda-did-not-invade-Tanzania/-/688342/2324550/-/peyt7yz/-/index.html,Kampala,24/05/2014,4,L,,,1
http://www.monitor.co.ug/OpEd/Commentary/Even-if-guilty--it-s-a-bad-move-for-China-to-hang-Ugandans/-/689364/2373366/-/1wqk8j/-/index.html,Kampala,07/06/2014,4,L,,,1
http://www.monitor.co.ug/artsculture/Reviews/How-hydropower-dams-dry-up-Nile-River-tourism/-/691232/2475930/-/12q6jeqz/-/index.html,Kampala,10/06/2014,4,L,,,1
http://www.monitor.co.ug/artsculture/Reviews/Bio-gas--A-school-is-using-a-latrine-to-cut-its-energy-bill/-/691232/2511926/-/jj9a3x/-/index.html,Kampala,11/06/2014,4,L,,,1
http://www.monitor.co.ug/Magazines/HomesandProperty/Know-your-hood--Nateete-Western-Uganda-s-gateway-to-Kampala/-/689858/2360428/-/6hfero/-/index.html,Kampala,25/06/2014,4,L,,,1
http://www.monitor.co.ug/News/National/Court-Blocks-sale-of-MP-Ogong-s-house/-/688334/2362322/-/fds1hx/-/index.html,Kampala,26/06/2014,4,L,,,1
http://www.monitor.co.ug/OpEd/Editorial/Enforce-wetland-title-directive/-/689360/2233624/-/t3035gz/-/index.html,Kampala,03/07/2014,4,L,,,1
http://www.monitor.co.ug/artsculture/Reviews/Authorities-look-on-as-Kinawataka--disappears-/-/691232/2513334/-/m6g3k8/-/index.html,Kampala,11/07/2014,4,L,,,1
http://www.monitor.co.ug/News/National/Government-blacklists-90-companies/-/688334/2386662/-/12v2moo/-/index.html,Kampala,17/07/2014,4,L,,,1
http://www.monitor.co.ug/News/National/Hundreds-displaced-as-rains-pound-Albetong/-/688334/2444408/-/l5aob4/-/index.html,Kampala,09/08/2014,4,L,,,1
http://www.monitor.co.ug/News/National/Artistes-in-drive-to-fight-maternal-health-issues/-/688334/2419084/-/mjq1mdz/-/index.html,Kampala,15/08/2014,4,L,,,1
http://www.monitor.co.ug/Magazines/Life/What-you-didn-t-know-about--Baha-i/-/689856/2421216/-/15tyt/-/index.html,Kampala,17/08/2014,4,L,,,1
http://www.monitor.co.ug/OpEd/Commentary/Water-transport-can-cut-Kampala-s-travel-costs/-/689364/2428168/-/liaaww/-/index.html,Kampala,24/08/2014,4,L,,,1
http://www.monitor.co.ug/OpEd/OpEdColumnists/NicholasSengooba/Lukwago-is-bound-to-be-the-people-s-mayor--not-Lord-Mayor/-/1293432/2430512/-/148082e/-/index.html,Kampala,26/08/2014,4,L,,,1
http://www.monitor.co.ug/OpEd/Editorial/Disaster-risk-preparedness-key/-/689360/2308986/-/50td6a/-/index.html,Kampala,05/09/2014,4,L,,,1
http://www.monitor.co.ug/News/National/Floods-leave-Kampala-residents-stranded/-/688334/2342090/-/1vhf0z/-/index.html,Kampala,06/09/2014,4,L,,,1
http://www.monitor.co.ug/News/National/Minister-vows-to-transform-Kampala/-/688334/2376878/-/9osushz/-/index.html,Kampala,07/09/2014,4,L,,,1
http://www.monitor.co.ug/Magazines/Farming/They-are-making-a-change-with-bees-and-honey-/-/689860/2463774/-/rii35w/-/index.html,Kampala,24/09/2014,4,L,,,1
http://www.newvision.co.ug/news/656432-floods-paralyse-city-businesses.html,Kampala,06/10/2014,4,L,,,1
http://www.monitor.co.ug/News/National/S-6-examinations-start-today/-/688334/2517000/-/131fw9f/-/index.html,Kampala,11/10/2014,4,L,,,1
http://www.monitor.co.ug/Business/Markets/KCCA-finalising-plans-for-municipal-bond---official/-/688606/2489180/-/12g3um2z/-/index.html,Kampala,17/10/2014,4,L,,,1
http://www.monitor.co.ug/Magazines/HomesandProperty/A-fast-growing-trading-centre/-/689858/2495182/-/jui076/-/index.html,Kampala,22/10/2014,4,L,,,1
http://www.monitor.co.ug/artsculture/Reviews/One-swamp-s-destruction--a-future-generation-s-problem/-/691232/2502598/-/ggsn68/-/index.html,Kampala,29/10/2014,4,L,,,1
http://www.newvision.co.ug/news/655435-works-on-nyamwamba-river-start-after-flood-disaster.html,Kampala,05/11/2014,4,L,,,1
http://www.monitor.co.ug/News/National/NRM-caucus-meets-today-over-gays-law/-/688334/2414652/-/i26epez/-/index.html,Kampala,08/11/2014,4,L,,,1
http://www.newvision.co.ug/news/662052-Kampala-floods-cause-heavy-traffic-jam.html,Kampala,21/11/2014,4,L,,,1
http://www.newvision.co.ug/news/662141-city-floods-body-of-woman-who-drowned-found.html,Kampala,24/11/2014,4,L,,,1
http://www.monitor.co.ug/News/National/Katosi-scam--Police-hunt-culprits-abroad/-/688334/2538122/-/icuxdf/-/index.html,Kampala,29/11/2014,4,L,,,1
http://www.monitor.co.ug/News/National/5-000-stranded-as-floods-cut-off-border/-/688334/2539554/-/xpmrtn/-/index.html,Kampala,30/11/2014,4,L,,,1
http://www.monitor.co.ug/News/National/Crowds-as-ID-exercise-moves-to-sub-counties/-/688334/2415812/-/17wjiuz/-/index.html,Kampala,08/12/2014,4,L,,,1
http://www.monitor.co.ug/News/National/Egypt-gives-Shs4-billion-to-fight-Kasese-floods/-/688334/2449524/-/111mkni/-/index.html,Kampala,09/12/2014,4,L,,,1
http://www.monitor.co.ug/Business/Prosper/Character-traits-of-slum-urbanism/-/688616/2557222/-/nluhhoz/-/index.html,Kampala,16/12/2014,4,L,,,1
http://www.monitor.co.ug/Business/Commodities/World-Bank-approves-Shs2-3-trillion-for-Uganda-s-key-sectors/-/688610/2560216/-/a33840z/-/index.html,Kampala,18/12/2014,4,L,,,1
http://www.monitor.co.ug/News/National/Mukwano-offers-aid-to-war-torn-South-Sudan/-/688334/2574562/-/afkaujz/-/index.html,Kampala,01/01/2015,4,L,,,1
http://www.monitor.co.ug/Magazines/HomesandProperty/Dealing-fraudsters-real-estate/-/689858/2770350/-/106kywz/-/index.html,Kampala,07/01/2015,4,L,,,1
http://www.newvision.co.ug/news/672858-police-hunt-for-maj-mutale-lukwago-militias.html,Kampala,09/01/2015,4,L,,,1
http://www.monitor.co.ug/artsculture/Reviews/The-journey-of-an-unclaimed-body/-/691232/2596088/-/11nn5adz/-/index.html,Kampala,21/01/2015,4,L,,,1
http://www.monitor.co.ug/SpecialReports/Counting-cost---boda-boda--accidents/-/688342/2624920/-/tntm9i/-/index.html,Kampala,16/02/2015,4,L,,,1
http://www.monitor.co.ug/artsculture/Reviews/-need-invest-today-children/-/691232/2634296/-/nd7y7d/-/index.html,Kampala,25/02/2015,4,L,,,1
http://www.monitor.co.ug/Sports/Soccer/Azam--to--walk-the-talk--as-league-broadcast/-/690266/2610794/-/13sastbz/-/index.html,Kampala,02/03/2015,4,L,,,1
http://www.newvision.co.ug/news/665452--50m-earmarked-for-weather-projections.html,Kampala,03/03/2015,4,L,,,1
http://www.newvision.co.ug/news/665841-filth-chokes-Kampala-s-suburbs.html,Kampala,13/03/2015,4,L,,,1
http://www.monitor.co.ug/artsculture/Entertainment/Kigozi-prays-for-rain-through-art/-/812796/2667598/-/rdt7xb/-/index.html,Kampala,28/03/2015,4,L,,,1
http://www.monitor.co.ug/News/National/Prosecutor-Joan-Kagezi-murder-DPP/-/688334/2671424/-/1397rh5z/-/index.html,Kampala,31/03/2015,4,L,,,1
http://www.monitor.co.ug/SpecialReports/-ban-kaveera--stand---test--time/-/688342/2694552/-/90x5mmz/-/index.html,Kampala,23/04/2015,4,L,,,1
http://www.monitor.co.ug/News/National/UPE-school-attached-debt/-/688334/2696836/-/tf2d82/-/index.html,Kampala,26/04/2015,4,L,,,1
http://www.monitor.co.ug/News/National/NRM-buys-posh-cars-for-top-officials/-/688334/2701532/-/6nhkez/-/index.html,Kampala,30/04/2015,4,L,,,1
http://www.newvision.co.ug/news/663415-Kampala-flood-problems-and-proposed-solutions.html,Kampala,01/05/2015,4,L,,,1
https://www.newvision.co.ug/new_vision/news/1325557/floods-sweep-prado-vehicle-kilometre,Kampala,07/05/2015,8,L,,,1
http://www.monitor.co.ug/Magazines/PeoplePower/Does-government-need-to-buy-back-Bujagali-/-/689844/2718260/-/ndu1k1/-/index.html,Kampala,17/05/2015,4,L,,,1
http://www.monitor.co.ug/OpEd/Editorial/prepare-deal-floods-environment/-/689360/2719280/-/qce2ldz/-/index.html,Kampala,18/05/2015,4,L,,,1
http://www.monitor.co.ug/artsculture/Reviews/The-women-who-were-stripped--their-story/-/691232/2731544/-/15uypjb/-/index.html,Kampala,28/05/2015,4,L,,,1
http://www.monitor.co.ug/SpecialReports/Saving-environment-banana-paper/-/688342/2757868/-/gidtuwz/-/index.html,Kampala,20/06/2015,4,L,,,1
http://www.newvision.co.ug/news/668019-floods-sweep-prado-vehicle-for-a-kilometre.html,Kampala,05/07/2015,4,L,,,1
http://www.monitor.co.ug/artsculture/Reviews/law-arrests-protests/-/691232/2811504/-/5mnme1z/-/index.html,Kampala,28/07/2015,4,L,,,1
http://www.monitor.co.ug/News/National/-1-3m-get-food-borne-diseases-/-/688334/2678814/-/mmg1fcz/-/index.html,Kampala,04/08/2015,4,L,,,1
http://www.monitor.co.ug/News/National/Mpigi-locals-protest-poor-state-of-road/-/688334/2712302/-/y6ctx3/-/index.html,Kampala,05/11/2015,4,L,,,1
http://www.monitor.co.ug/OpEd/OpEdColumnists/KaroliSsemogerere/need-legislation-clean-air-clean-water/-/878682/2747162/-/rbu6xp/-/index.html,Kampala,06/11/2015,4,L,,,1
http://www.monitor.co.ug/artsculture/Reviews/Just-how-bad-is-wetland-degradation-/-/691232/2650722/-/1093nfhz/-/index.html,Kampala,03/12/2015,4,L,,,1
http://floodlist.com/africa/uganda-1000-displaced-floods-kasese-Kampala,Kampala,13/04/2016,8,M,,,1
http://floodlist.com/africa/uganda-floods-november-2018,Kampala,17/11/2018,3,M,,5,1
http://floodlist.com/africa/uganda-flash-floods-Kampala-may-2019,Kampala,28/05/2019,6,H,1500,8,1
New Vision,Kamuli,08/07/1998,6,M,,1,1
New Vision,Kamuli,10/12/2006,6,M,,,1
New Vision,Kamuli,19/04/2007,6,M,,5,1
District Files,Kamuli,01/10/2007,6,H,,,1
http://www.monitor.co.ug/News/National/-/688334/1160034/-/c1kxvoz/-/index.html,Kamuli,05/11/2011,4,H,,,1
District,Kamuli,21/05/2018,4,M,,,1
http://floodlist.com/africa/uganda-floods-eastern-region-april-2019,Kamuli,23/04/2019,8,H,1000,18,1
http://floodlist.com/africa/uganda-1000-displaced-floods-kasese-kampala,Kasese,13/04/2016,8,M,1000,,1
http://floodlist.com/africa/uganda-1000-displaced-floods-kasese-kampala,Kasese,17/04/2016,8,M,1000,,1
https://theinsider.ug/index.php/2017/08/08/floods-kill-3-children-in-kasese/,Kasese,08/07/2017,6,M,,3,1
https://www.newvision.co.ug/new_vision/news/1340533/updf-joins-kasese-flood-rescue-efforts,Kasese,05/07/2014,2,H,,5,1
https://reliefweb.int/report/uganda/kasese-floods-affected-population-now-25445,Kasese,05/08/2013,7,H,25000,,1
https://www.newvision.co.ug/new_vision/news/1282478/floods-ravage-rwenzori-region,Kasese,18/09/2010,3,M,,1,1
https://www.ifrc.org/ar/news-and-media/news-stories/africa/uganda/floods-continue-to-ravage-uganda/,Katakwi,18/09/2007,7,H,60000,,1
https://www.newvision.co.ug/new_vision/news/1479737/famine-looms-katakwi-residents-relief,Katakwi,24/05/2018,7,,,,1
https://www.newvision.co.ug/new_vision/news/1176923/floods-cut-katakwi-amuria-roads,Katakwi,11/09/2008,6,M,6000,,1
https://reliefweb.int/report/uganda/floods-105-latrines-collapse-wera-katakwi-district,Katakwi,28/09/2011,3,M,,,1
https://ugandaradionetwork.com/story/katakwi-hit-by-floods,Katakwi,28/09/2012,5,M,,,1
https://www.monitor.co.ug/News/National/Bad-roads-paralyse-trade-in-Karamoja/-/688334/2678566/-/gbejpfz/-/index.html,Katakwi,04/06/2015,5,M,,,1
https://www.monitor.co.ug/News/National/-/688334/1012362/-/cnox1oz/-/index.html,Katakwi,13/09/2010,5,M,,,1
https://www.newvision.co.ug/new_vision/news/1218477/camps-created-lira-flood-victims,Lira,30/09/2007,4,H,50000,,1
https://www.newvision.co.ug/new_vision/news/1307023/flooded-bridge-disrupts-lira-apac-transport,Lira,13/08/2014,8,L,,,1
http://floodlist.com/africa/uganda-floods-mbarara-march-2018,Mbarara,14/03/2018,8,M,,1,1
https://allafrica.com/stories/201001080242.html,Mukono,01/06/2010,5,M,,1,1
https://allafrica.com/stories/201211140537.html,Nakaseke,11/01/2012,3,L,,,1
http://floodlist.com/africa/16000-displaced-uganda-river-semliki-overflows,Ntoroko,11/01/2014,8,H,8000,,1
https://reliefweb.int/report/uganda/ntoroko-flood-victims-call-more-relief,Ntoroko,10/10/2012,2,M,3000,,1
https://reliefweb.int/disaster/fl-2008-000175-uga,Pallisa,09/12/2008,2,M,700,,1
http://floodlist.com/africa/uganda-floods-landslide-rubanda-september-2017,Rubanda,26/09/2017,9,H,,15,1
https://www.newvision.co.ug/new_vision/news/1057373/tororo-floods-kill,Tororo,05/07/2002,3,H,,2,1
http://floodlist.com/africa/uganda-floods-november-2018,Wakiso,17/11/2018,3,M,,5,1
